media_id,media_name,create_date,duration,owner_name,course,user_name,email_address,total_views,total_view_time,average_view_time,on_demand_views,live_view_count,downloads,last_viewed
f3eb860f-866e-4921-9222-14da572ae385,Physiological Psychology Week 2 Part 3,01/13/2022,00:16:20,James Bartlett,Physiological Psychology (PSYCH4065/5029) 2022-23,"Ianto, Tasadduq",210396@university.ac.uk,1,00:10:50,00:10:50,1,0,0,01/17/2023
f3eb860f-866e-4921-9222-14da572ae385,Physiological Psychology Week 2 Part 3,01/13/2022,00:16:20,James Bartlett,Physiological Psychology (PSYCH4065/5029) 2022-23,"Alessa, Tamarah",205650@university.ac.uk,1,00:16:15,00:16:15,1,0,0,01/18/2023
f3eb860f-866e-4921-9222-14da572ae385,Physiological Psychology Week 2 Part 3,01/13/2022,00:16:20,James Bartlett,Physiological Psychology (PSYCH4065/5029) 2022-23,"Mary-Ann, Abdussalam",211437@university.ac.uk,1,00:14:27,00:14:27,1,0,0,01/30/2023
f3eb860f-866e-4921-9222-14da572ae385,Physiological Psychology Week 2 Part 3,01/13/2022,00:16:20,James Bartlett,Physiological Psychology (PSYCH4065/5029) 2022-23,"Aderyn, Cahil",298179@university.ac.uk,1,00:13:57,00:13:57,1,0,0,01/23/2023
f3eb860f-866e-4921-9222-14da572ae385,Physiological Psychology Week 2 Part 3,01/13/2022,00:16:20,James Bartlett,Physiological Psychology (PSYCH4065/5029) 2022-23,"Rosetta, Glenn",260819@university.ac.uk,2,00:14:53,00:07:26,2,0,0,01/17/2023
f3eb860f-866e-4921-9222-14da572ae385,Physiological Psychology Week 2 Part 3,01/13/2022,00:16:20,James Bartlett,Physiological Psychology (PSYCH4065/5029) 2022-23,"Yashi, Khawlah",250818@university.ac.uk,2,00:16:24,00:08:12,2,0,0,01/18/2023
f3eb860f-866e-4921-9222-14da572ae385,Physiological Psychology Week 2 Part 3,01/13/2022,00:16:20,James Bartlett,Physiological Psychology (PSYCH4065/5029) 2022-23,"Georgia-Mai, Dyan",254982@university.ac.uk,1,00:13:03,00:13:03,1,0,0,01/23/2023
f3eb860f-866e-4921-9222-14da572ae385,Physiological Psychology Week 2 Part 3,01/13/2022,00:16:20,James Bartlett,Physiological Psychology (PSYCH4065/5029) 2022-23,"Ellie, Conal",238599@university.ac.uk,1,00:10:57,00:10:57,1,0,0,01/16/2023
f3eb860f-866e-4921-9222-14da572ae385,Physiological Psychology Week 2 Part 3,01/13/2022,00:16:20,James Bartlett,Physiological Psychology (PSYCH4065/5029) 2022-23,"Mohammud, Siun",200385@university.ac.uk,1,00:16:20,00:16:20,1,0,0,01/29/2023
f3eb860f-866e-4921-9222-14da572ae385,Physiological Psychology Week 2 Part 3,01/13/2022,00:16:20,James Bartlett,Physiological Psychology (PSYCH4065/5029) 2022-23,"Mubashar, Carole",205930@university.ac.uk,1,00:03:45,00:03:45,1,0,0,01/16/2023
f3eb860f-866e-4921-9222-14da572ae385,Physiological Psychology Week 2 Part 3,01/13/2022,00:16:20,James Bartlett,Physiological Psychology (PSYCH4065/5029) 2022-23,"Nazmul, Katie-Rose",255390@university.ac.uk,1,00:11:42,00:11:42,1,0,0,01/17/2023
f3eb860f-866e-4921-9222-14da572ae385,Physiological Psychology Week 2 Part 3,01/13/2022,00:16:20,James Bartlett,Physiological Psychology (PSYCH4065/5029) 2022-23,"Krisha, Augustyn",273952@university.ac.uk,1,00:14:10,00:14:10,1,0,0,01/17/2023
f3eb860f-866e-4921-9222-14da572ae385,Physiological Psychology Week 2 Part 3,01/13/2022,00:16:20,James Bartlett,Physiological Psychology (PSYCH4065/5029) 2022-23,"Pratik, Koda",274616@university.ac.uk,1,00:16:20,00:16:20,1,0,0,01/23/2023
f3eb860f-866e-4921-9222-14da572ae385,Physiological Psychology Week 2 Part 3,01/13/2022,00:16:20,James Bartlett,Physiological Psychology (PSYCH4065/5029) 2022-23,"Letitia, Kade",289813@university.ac.uk,1,00:16:20,00:16:20,1,0,0,02/07/2023
f3eb860f-866e-4921-9222-14da572ae385,Physiological Psychology Week 2 Part 3,01/13/2022,00:16:20,James Bartlett,Physiological Psychology (PSYCH4065/5029) 2022-23,"Leone, Sadie",290988@university.ac.uk,1,00:03:59,00:03:59,1,0,0,01/24/2023
f3eb860f-866e-4921-9222-14da572ae385,Physiological Psychology Week 2 Part 3,01/13/2022,00:16:20,James Bartlett,Physiological Psychology (PSYCH4065/5029) 2022-23,"Dalia, Alix",299716@university.ac.uk,1,00:10:10,00:10:10,1,0,0,01/25/2023
f3eb860f-866e-4921-9222-14da572ae385,Physiological Psychology Week 2 Part 3,01/13/2022,00:16:20,James Bartlett,Physiological Psychology (PSYCH4065/5029) 2022-23,NA,NA,1,00:15:25,00:15:25,1,0,0,01/16/2023
f3eb860f-866e-4921-9222-14da572ae385,Physiological Psychology Week 2 Part 3,01/13/2022,00:16:20,James Bartlett,Physiological Psychology (PSYCH4065/5029) 2022-23,"Kennedi, Sergio",207605@university.ac.uk,1,00:14:01,00:14:01,1,0,0,01/18/2023
f3eb860f-866e-4921-9222-14da572ae385,Physiological Psychology Week 2 Part 3,01/13/2022,00:16:20,James Bartlett,Physiological Psychology (PSYCH4065/5029) 2022-23,"Varsha, Airlie",207496@university.ac.uk,1,00:09:17,00:09:17,1,0,0,01/24/2023
f3eb860f-866e-4921-9222-14da572ae385,Physiological Psychology Week 2 Part 3,01/13/2022,00:16:20,James Bartlett,Physiological Psychology (PSYCH4065/5029) 2022-23,"Barbara, Yonas",279971@university.ac.uk,2,00:16:23,00:08:11,2,0,0,01/17/2023
f3eb860f-866e-4921-9222-14da572ae385,Physiological Psychology Week 2 Part 3,01/13/2022,00:16:20,James Bartlett,Physiological Psychology (PSYCH4065/5029) 2022-23,"Antonin, Ruri",282940@university.ac.uk,2,00:14:52,00:07:26,2,0,0,01/20/2023
f3eb860f-866e-4921-9222-14da572ae385,Physiological Psychology Week 2 Part 3,01/13/2022,00:16:20,James Bartlett,Physiological Psychology (PSYCH4065/5029) 2022-23,"Gelila, Wilhelm",217609@university.ac.uk,2,00:16:18,00:08:09,2,0,0,01/20/2023
f3eb860f-866e-4921-9222-14da572ae385,Physiological Psychology Week 2 Part 3,01/13/2022,00:16:20,James Bartlett,Physiological Psychology (PSYCH4065/5029) 2022-23,"Krishan, Caley",283757@university.ac.uk,1,00:16:20,00:16:20,1,0,0,01/16/2023
f3eb860f-866e-4921-9222-14da572ae385,Physiological Psychology Week 2 Part 3,01/13/2022,00:16:20,James Bartlett,Physiological Psychology (PSYCH4065/5029) 2022-23,"Berenice, Heloise",256570@university.ac.uk,1,00:16:20,00:16:20,1,0,0,01/24/2023
f3eb860f-866e-4921-9222-14da572ae385,Physiological Psychology Week 2 Part 3,01/13/2022,00:16:20,James Bartlett,Physiological Psychology (PSYCH4065/5029) 2022-23,"Quade, Mahjabeen",267333@university.ac.uk,1,00:16:20,00:16:20,1,0,0,02/01/2023
f3eb860f-866e-4921-9222-14da572ae385,Physiological Psychology Week 2 Part 3,01/13/2022,00:16:20,James Bartlett,Physiological Psychology (PSYCH4065/5029) 2022-23,"Taylor-James, Savannah-Jane",299663@university.ac.uk,1,00:14:37,00:14:37,1,0,0,01/23/2023
f3eb860f-866e-4921-9222-14da572ae385,Physiological Psychology Week 2 Part 3,01/13/2022,00:16:20,James Bartlett,Physiological Psychology (PSYCH4065/5029) 2022-23,"Rick, Kaeran",269853@university.ac.uk,1,00:15:12,00:15:12,1,0,0,01/18/2023
f3eb860f-866e-4921-9222-14da572ae385,Physiological Psychology Week 2 Part 3,01/13/2022,00:16:20,James Bartlett,Physiological Psychology (PSYCH4065/5029) 2022-23,"Patryk, Laurn",229798@university.ac.uk,1,00:16:20,00:16:20,1,0,0,01/16/2023
f3eb860f-866e-4921-9222-14da572ae385,Physiological Psychology Week 2 Part 3,01/13/2022,00:16:20,James Bartlett,Physiological Psychology (PSYCH4065/5029) 2022-23,"Shaan, Lisa-Anne",246567@university.ac.uk,2,00:16:21,00:08:10,2,0,0,01/21/2023
f3eb860f-866e-4921-9222-14da572ae385,Physiological Psychology Week 2 Part 3,01/13/2022,00:16:20,James Bartlett,Physiological Psychology (PSYCH4065/5029) 2022-23,"Gibril, Gurdas",252103@university.ac.uk,1,00:07:08,00:07:08,1,0,0,01/16/2023
f3eb860f-866e-4921-9222-14da572ae385,Physiological Psychology Week 2 Part 3,01/13/2022,00:16:20,James Bartlett,Physiological Psychology (PSYCH4065/5029) 2022-23,"Nikolas, Lilah",236216@university.ac.uk,1,00:16:18,00:16:18,1,0,0,01/17/2023
f3eb860f-866e-4921-9222-14da572ae385,Physiological Psychology Week 2 Part 3,01/13/2022,00:16:20,James Bartlett,Physiological Psychology (PSYCH4065/5029) 2022-23,"Regan, Nifemi",217780@university.ac.uk,1,00:16:20,00:16:20,1,0,0,01/19/2023
f3eb860f-866e-4921-9222-14da572ae385,Physiological Psychology Week 2 Part 3,01/13/2022,00:16:20,James Bartlett,Physiological Psychology (PSYCH4065/5029) 2022-23,"Yaqoob, Justyn",219167@university.ac.uk,1,00:16:20,00:16:20,1,0,0,01/31/2023
f3eb860f-866e-4921-9222-14da572ae385,Physiological Psychology Week 2 Part 3,01/13/2022,00:16:20,James Bartlett,Physiological Psychology (PSYCH4065/5029) 2022-23,"Keylee, Gianna",270459@university.ac.uk,1,00:11:05,00:11:05,1,0,0,01/30/2023
f3eb860f-866e-4921-9222-14da572ae385,Physiological Psychology Week 2 Part 3,01/13/2022,00:16:20,James Bartlett,Physiological Psychology (PSYCH4065/5029) 2022-23,"Adeola, Carsson",220056@university.ac.uk,1,00:12:10,00:12:10,1,0,0,01/16/2023
f3eb860f-866e-4921-9222-14da572ae385,Physiological Psychology Week 2 Part 3,01/13/2022,00:16:20,James Bartlett,Physiological Psychology (PSYCH4065/5029) 2022-23,"Leyland, Ka",258713@university.ac.uk,1,00:16:15,00:16:15,1,0,0,01/20/2023
f3eb860f-866e-4921-9222-14da572ae385,Physiological Psychology Week 2 Part 3,01/13/2022,00:16:20,James Bartlett,Physiological Psychology (PSYCH4065/5029) 2022-23,"Reid, Paighton",212579@university.ac.uk,1,00:16:20,00:16:20,1,0,0,01/16/2023
f3eb860f-866e-4921-9222-14da572ae385,Physiological Psychology Week 2 Part 3,01/13/2022,00:16:20,James Bartlett,Physiological Psychology (PSYCH4065/5029) 2022-23,"Jouri, Dyan",282176@university.ac.uk,1,00:16:10,00:16:10,1,0,0,01/16/2023
f3eb860f-866e-4921-9222-14da572ae385,Physiological Psychology Week 2 Part 3,01/13/2022,00:16:20,James Bartlett,Physiological Psychology (PSYCH4065/5029) 2022-23,"Jasmina, Gillies",287287@university.ac.uk,1,00:10:05,00:10:05,1,0,0,01/18/2023
f3eb860f-866e-4921-9222-14da572ae385,Physiological Psychology Week 2 Part 3,01/13/2022,00:16:20,James Bartlett,Physiological Psychology (PSYCH4065/5029) 2022-23,"Finnley, Bilal",298491@university.ac.uk,1,00:09:34,00:09:34,1,0,0,01/16/2023
f3eb860f-866e-4921-9222-14da572ae385,Physiological Psychology Week 2 Part 3,01/13/2022,00:16:20,James Bartlett,Physiological Psychology (PSYCH4065/5029) 2022-23,"Fatehveer, Kirstan",240507@university.ac.uk,1,00:16:20,00:16:20,1,0,0,01/22/2023
f3eb860f-866e-4921-9222-14da572ae385,Physiological Psychology Week 2 Part 3,01/13/2022,00:16:20,James Bartlett,Physiological Psychology (PSYCH4065/5029) 2022-23,"Anthonie, Syma",272666@university.ac.uk,1,00:16:06,00:16:06,1,0,0,02/07/2023
f3eb860f-866e-4921-9222-14da572ae385,Physiological Psychology Week 2 Part 3,01/13/2022,00:16:20,James Bartlett,Physiological Psychology (PSYCH4065/5029) 2022-23,"Nazira, Alyshea",210025@university.ac.uk,1,00:16:20,00:16:20,1,0,0,01/23/2023
f3eb860f-866e-4921-9222-14da572ae385,Physiological Psychology Week 2 Part 3,01/13/2022,00:16:20,James Bartlett,Physiological Psychology (PSYCH4065/5029) 2022-23,"Cameron, Ashlin",268438@university.ac.uk,1,00:16:20,00:16:20,1,0,0,02/06/2023
f3eb860f-866e-4921-9222-14da572ae385,Physiological Psychology Week 2 Part 3,01/13/2022,00:16:20,James Bartlett,Physiological Psychology (PSYCH4065/5029) 2022-23,"Jermaine, Hishaam",257295@university.ac.uk,1,00:16:20,00:16:20,1,0,0,01/16/2023
f3eb860f-866e-4921-9222-14da572ae385,Physiological Psychology Week 2 Part 3,01/13/2022,00:16:20,James Bartlett,Physiological Psychology (PSYCH4065/5029) 2022-23,"Marlena, Koa",226991@university.ac.uk,1,00:16:20,00:16:20,1,0,0,01/18/2023
f3eb860f-866e-4921-9222-14da572ae385,Physiological Psychology Week 2 Part 3,01/13/2022,00:16:20,James Bartlett,Physiological Psychology (PSYCH4065/5029) 2022-23,"Django, Emaan",241548@university.ac.uk,1,00:13:58,00:13:58,1,0,0,01/23/2023
f3eb860f-866e-4921-9222-14da572ae385,Physiological Psychology Week 2 Part 3,01/13/2022,00:16:20,James Bartlett,Physiological Psychology (PSYCH4065/5029) 2022-23,NA,NA,1,00:09:25,00:09:25,1,0,0,02/01/2023
f3eb860f-866e-4921-9222-14da572ae385,Physiological Psychology Week 2 Part 3,01/13/2022,00:16:20,James Bartlett,Physiological Psychology (PSYCH4065/5029) 2022-23,NA,NA,1,00:12:42,00:12:42,1,0,0,01/15/2023
f3eb860f-866e-4921-9222-14da572ae385,Physiological Psychology Week 2 Part 3,01/13/2022,00:16:20,James Bartlett,Physiological Psychology (PSYCH4065/5029) 2022-23,NA,NA,1,00:06:13,00:06:13,1,0,0,01/16/2023
f3eb860f-866e-4921-9222-14da572ae385,Physiological Psychology Week 2 Part 3,01/13/2022,00:16:20,James Bartlett,Physiological Psychology (PSYCH4065/5029) 2022-23,"Guled, Crystal",228588@university.ac.uk,1,00:11:45,00:11:45,1,0,0,01/17/2023
f3eb860f-866e-4921-9222-14da572ae385,Physiological Psychology Week 2 Part 3,01/13/2022,00:16:20,James Bartlett,Physiological Psychology (PSYCH4065/5029) 2022-23,"Saajan, Colbie",202310@university.ac.uk,1,00:15:10,00:15:10,1,0,0,01/17/2023
f3eb860f-866e-4921-9222-14da572ae385,Physiological Psychology Week 2 Part 3,01/13/2022,00:16:20,James Bartlett,Physiological Psychology (PSYCH4065/5029) 2022-23,"Clarissa, Derrick",205763@university.ac.uk,1,00:05:30,00:05:30,1,0,0,01/16/2023
f3eb860f-866e-4921-9222-14da572ae385,Physiological Psychology Week 2 Part 3,01/13/2022,00:16:20,James Bartlett,Physiological Psychology (PSYCH4065/5029) 2022-23,NA,NA,1,00:00:14,00:00:14,1,0,0,01/23/2023
f3eb860f-866e-4921-9222-14da572ae385,Physiological Psychology Week 2 Part 3,01/13/2022,00:16:20,James Bartlett,Physiological Psychology (PSYCH4065/5029) 2022-23,"Paul, Loryn",286491@university.ac.uk,1,00:15:13,00:15:13,1,0,0,01/16/2023
f3eb860f-866e-4921-9222-14da572ae385,Physiological Psychology Week 2 Part 3,01/13/2022,00:16:20,James Bartlett,Physiological Psychology (PSYCH4065/5029) 2022-23,"Sirac, Aliona",271856@university.ac.uk,1,00:09:54,00:09:54,1,0,0,01/17/2023
f3eb860f-866e-4921-9222-14da572ae385,Physiological Psychology Week 2 Part 3,01/13/2022,00:16:20,James Bartlett,Physiological Psychology (PSYCH4065/5029) 2022-23,"Hamida, Keyvan",270437@university.ac.uk,1,00:16:20,00:16:20,1,0,0,01/25/2023
f3eb860f-866e-4921-9222-14da572ae385,Physiological Psychology Week 2 Part 3,01/13/2022,00:16:20,James Bartlett,Physiological Psychology (PSYCH4065/5029) 2022-23,"Seyma, Rajan",238572@university.ac.uk,1,00:11:59,00:11:59,1,0,0,01/26/2023
f3eb860f-866e-4921-9222-14da572ae385,Physiological Psychology Week 2 Part 3,01/13/2022,00:16:20,James Bartlett,Physiological Psychology (PSYCH4065/5029) 2022-23,"Nichole, Dezl",217087@university.ac.uk,1,00:16:16,00:16:16,1,0,0,01/16/2023
f3eb860f-866e-4921-9222-14da572ae385,Physiological Psychology Week 2 Part 3,01/13/2022,00:16:20,James Bartlett,Physiological Psychology (PSYCH4065/5029) 2022-23,"Yashil, Gisli",201354@university.ac.uk,1,00:03:26,00:03:26,1,0,0,01/16/2023
f3eb860f-866e-4921-9222-14da572ae385,Physiological Psychology Week 2 Part 3,01/13/2022,00:16:20,James Bartlett,Physiological Psychology (PSYCH4065/5029) 2022-23,"Lucca, Jock",299226@university.ac.uk,1,00:16:16,00:16:16,1,0,0,01/17/2023
f3eb860f-866e-4921-9222-14da572ae385,Physiological Psychology Week 2 Part 3,01/13/2022,00:16:20,James Bartlett,Physiological Psychology (PSYCH4065/5029) 2022-23,"Moyosoreoluwa, Harmanveer",229233@university.ac.uk,1,00:16:20,00:16:20,1,0,0,02/15/2023
f3eb860f-866e-4921-9222-14da572ae385,Physiological Psychology Week 2 Part 3,01/13/2022,00:16:20,James Bartlett,Physiological Psychology (PSYCH4065/5029) 2022-23,"Zacchaeus, John",226977@university.ac.uk,1,00:14:21,00:14:21,1,0,0,01/16/2023
f3eb860f-866e-4921-9222-14da572ae385,Physiological Psychology Week 2 Part 3,01/13/2022,00:16:20,James Bartlett,Physiological Psychology (PSYCH4065/5029) 2022-23,"Guto, Shonaidh",245933@university.ac.uk,2,00:10:38,00:05:19,2,0,0,01/24/2023
f3eb860f-866e-4921-9222-14da572ae385,Physiological Psychology Week 2 Part 3,01/13/2022,00:16:20,James Bartlett,Physiological Psychology (PSYCH4065/5029) 2022-23,"Leif, Kash",249780@university.ac.uk,1,00:07:13,00:07:13,1,0,0,01/25/2023
f3eb860f-866e-4921-9222-14da572ae385,Physiological Psychology Week 2 Part 3,01/13/2022,00:16:20,James Bartlett,Physiological Psychology (PSYCH4065/5029) 2022-23,"Frederico, Esra",281979@university.ac.uk,1,00:16:20,00:16:20,1,0,0,01/22/2023
f3eb860f-866e-4921-9222-14da572ae385,Physiological Psychology Week 2 Part 3,01/13/2022,00:16:20,James Bartlett,Physiological Psychology (PSYCH4065/5029) 2022-23,"Thamim, Andy",226506@university.ac.uk,1,00:16:20,00:16:20,1,0,0,01/16/2023
f3eb860f-866e-4921-9222-14da572ae385,Physiological Psychology Week 2 Part 3,01/13/2022,00:16:20,James Bartlett,Physiological Psychology (PSYCH4065/5029) 2022-23,"Zamin, Ruaidhri",218989@university.ac.uk,2,00:13:06,00:06:33,2,0,0,01/20/2023
f3eb860f-866e-4921-9222-14da572ae385,Physiological Psychology Week 2 Part 3,01/13/2022,00:16:20,James Bartlett,Physiological Psychology (PSYCH4065/5029) 2022-23,"Mackenzie, Esmae",207464@university.ac.uk,1,00:16:20,00:16:20,1,0,0,02/02/2023
f3eb860f-866e-4921-9222-14da572ae385,Physiological Psychology Week 2 Part 3,01/13/2022,00:16:20,James Bartlett,Physiological Psychology (PSYCH4065/5029) 2022-23,"Denise, Rani",232275@university.ac.uk,1,00:16:20,00:16:20,1,0,0,01/16/2023
f3eb860f-866e-4921-9222-14da572ae385,Physiological Psychology Week 2 Part 3,01/13/2022,00:16:20,James Bartlett,Physiological Psychology (PSYCH4065/5029) 2022-23,"Allannah, Amel",297787@university.ac.uk,1,00:16:20,00:16:20,1,0,0,01/18/2023
f3eb860f-866e-4921-9222-14da572ae385,Physiological Psychology Week 2 Part 3,01/13/2022,00:16:20,James Bartlett,Physiological Psychology (PSYCH4065/5029) 2022-23,"Omed, Enas",250056@university.ac.uk,3,00:15:23,00:05:07,3,0,0,01/28/2023
f3eb860f-866e-4921-9222-14da572ae385,Physiological Psychology Week 2 Part 3,01/13/2022,00:16:20,James Bartlett,Physiological Psychology (PSYCH4065/5029) 2022-23,"Ellie-Leigh, Sacson",282417@university.ac.uk,1,00:00:11,00:00:11,1,0,0,02/08/2023
f3eb860f-866e-4921-9222-14da572ae385,Physiological Psychology Week 2 Part 3,01/13/2022,00:16:20,James Bartlett,Physiological Psychology (PSYCH4065/5029) 2022-23,"Fraser, Mhairi-Anne",279471@university.ac.uk,1,00:15:13,00:15:13,1,0,0,01/16/2023
f3eb860f-866e-4921-9222-14da572ae385,Physiological Psychology Week 2 Part 3,01/13/2022,00:16:20,James Bartlett,Physiological Psychology (PSYCH4065/5029) 2022-23,NA,NA,1,00:16:19,00:16:19,1,0,0,01/16/2023
f3eb860f-866e-4921-9222-14da572ae385,Physiological Psychology Week 2 Part 3,01/13/2022,00:16:20,James Bartlett,Physiological Psychology (PSYCH4065/5029) 2022-23,"Hizar, Antoni",258458@university.ac.uk,1,00:16:20,00:16:20,1,0,0,01/26/2023
f3eb860f-866e-4921-9222-14da572ae385,Physiological Psychology Week 2 Part 3,01/13/2022,00:16:20,James Bartlett,Physiological Psychology (PSYCH4065/5029) 2022-23,"Muhamed, Ashtyn",251898@university.ac.uk,1,00:11:57,00:11:57,1,0,0,01/19/2023
f3eb860f-866e-4921-9222-14da572ae385,Physiological Psychology Week 2 Part 3,01/13/2022,00:16:20,James Bartlett,Physiological Psychology (PSYCH4065/5029) 2022-23,"Laith, Amber-Louise",247526@university.ac.uk,2,00:12:00,00:06:00,2,0,0,01/18/2023
f3eb860f-866e-4921-9222-14da572ae385,Physiological Psychology Week 2 Part 3,01/13/2022,00:16:20,James Bartlett,Physiological Psychology (PSYCH4065/5029) 2022-23,"Marco, Feroz",279302@university.ac.uk,1,00:12:21,00:12:21,1,0,0,01/30/2023
f3eb860f-866e-4921-9222-14da572ae385,Physiological Psychology Week 2 Part 3,01/13/2022,00:16:20,James Bartlett,Physiological Psychology (PSYCH4065/5029) 2022-23,NA,NA,1,00:16:20,00:16:20,1,0,0,01/23/2023
f3eb860f-866e-4921-9222-14da572ae385,Physiological Psychology Week 2 Part 3,01/13/2022,00:16:20,James Bartlett,Physiological Psychology (PSYCH4065/5029) 2022-23,"Jole, Roxanne",231946@university.ac.uk,1,00:12:39,00:12:39,1,0,0,01/18/2023
f3eb860f-866e-4921-9222-14da572ae385,Physiological Psychology Week 2 Part 3,01/13/2022,00:16:20,James Bartlett,Physiological Psychology (PSYCH4065/5029) 2022-23,"Dillion, Jago",214486@university.ac.uk,1,00:13:48,00:13:48,1,0,0,01/16/2023
f3eb860f-866e-4921-9222-14da572ae385,Physiological Psychology Week 2 Part 3,01/13/2022,00:16:20,James Bartlett,Physiological Psychology (PSYCH4065/5029) 2022-23,"Kacie-Leigh, Stasia",210664@university.ac.uk,1,00:13:21,00:13:21,1,0,0,01/17/2023
f3eb860f-866e-4921-9222-14da572ae385,Physiological Psychology Week 2 Part 3,01/13/2022,00:16:20,James Bartlett,Physiological Psychology (PSYCH4065/5029) 2022-23,"Amaal, Arti",200154@university.ac.uk,1,00:10:24,00:10:24,1,0,0,01/18/2023
f3eb860f-866e-4921-9222-14da572ae385,Physiological Psychology Week 2 Part 3,01/13/2022,00:16:20,James Bartlett,Physiological Psychology (PSYCH4065/5029) 2022-23,"Logen, Monica",266246@university.ac.uk,2,00:16:21,00:08:10,2,0,0,01/31/2023
f3eb860f-866e-4921-9222-14da572ae385,Physiological Psychology Week 2 Part 3,01/13/2022,00:16:20,James Bartlett,Physiological Psychology (PSYCH4065/5029) 2022-23,NA,NA,1,00:10:38,00:10:38,1,0,0,01/16/2023
f3eb860f-866e-4921-9222-14da572ae385,Physiological Psychology Week 2 Part 3,01/13/2022,00:16:20,James Bartlett,Physiological Psychology (PSYCH4065/5029) 2022-23,NA,NA,1,00:13:36,00:13:36,1,0,0,01/22/2023
f3eb860f-866e-4921-9222-14da572ae385,Physiological Psychology Week 2 Part 3,01/13/2022,00:16:20,James Bartlett,Physiological Psychology (PSYCH4065/5029) 2022-23,"Chanais, Rho",219616@university.ac.uk,1,00:16:20,00:16:20,1,0,0,01/22/2023
f3eb860f-866e-4921-9222-14da572ae385,Physiological Psychology Week 2 Part 3,01/13/2022,00:16:20,James Bartlett,Physiological Psychology (PSYCH4065/5029) 2022-23,"Husnain, Real",286988@university.ac.uk,1,00:16:20,00:16:20,1,0,0,01/16/2023
f3eb860f-866e-4921-9222-14da572ae385,Physiological Psychology Week 2 Part 3,01/13/2022,00:16:20,James Bartlett,Physiological Psychology (PSYCH4065/5029) 2022-23,"Shona, Maximilian",276509@university.ac.uk,1,00:16:19,00:16:19,1,0,0,01/25/2023
f3eb860f-866e-4921-9222-14da572ae385,Physiological Psychology Week 2 Part 3,01/13/2022,00:16:20,James Bartlett,Physiological Psychology (PSYCH4065/5029) 2022-23,"Morenike, Lokman",283206@university.ac.uk,1,00:16:20,00:16:20,1,0,0,01/24/2023
f3eb860f-866e-4921-9222-14da572ae385,Physiological Psychology Week 2 Part 3,01/13/2022,00:16:20,James Bartlett,Physiological Psychology (PSYCH4065/5029) 2022-23,"Lotus, Mhari",288804@university.ac.uk,1,00:10:04,00:10:04,1,0,0,01/16/2023
f3eb860f-866e-4921-9222-14da572ae385,Physiological Psychology Week 2 Part 3,01/13/2022,00:16:20,James Bartlett,Physiological Psychology (PSYCH4065/5029) 2022-23,"Lotti, Carron",228326@university.ac.uk,1,00:09:13,00:09:13,1,0,0,01/16/2023
f3eb860f-866e-4921-9222-14da572ae385,Physiological Psychology Week 2 Part 3,01/13/2022,00:16:20,James Bartlett,Physiological Psychology (PSYCH4065/5029) 2022-23,"Sofiyah, Aydan",203388@university.ac.uk,1,00:14:59,00:14:59,1,0,0,01/17/2023
f3eb860f-866e-4921-9222-14da572ae385,Physiological Psychology Week 2 Part 3,01/13/2022,00:16:20,James Bartlett,Physiological Psychology (PSYCH4065/5029) 2022-23,"Minal, Jena",245583@university.ac.uk,1,00:16:20,00:16:20,1,0,0,01/23/2023
f3eb860f-866e-4921-9222-14da572ae385,Physiological Psychology Week 2 Part 3,01/13/2022,00:16:20,James Bartlett,Physiological Psychology (PSYCH4065/5029) 2022-23,"Shay, Marilyn",296417@university.ac.uk,2,00:11:46,00:05:53,2,0,0,01/26/2023
f3eb860f-866e-4921-9222-14da572ae385,Physiological Psychology Week 2 Part 3,01/13/2022,00:16:20,James Bartlett,Physiological Psychology (PSYCH4065/5029) 2022-23,"Clyde, Abaigeal",243285@university.ac.uk,1,00:04:49,00:04:49,1,0,0,01/16/2023
f3eb860f-866e-4921-9222-14da572ae385,Physiological Psychology Week 2 Part 3,01/13/2022,00:16:20,James Bartlett,Physiological Psychology (PSYCH4065/5029) 2022-23,"Rhea, Leigh-Ann",204101@university.ac.uk,1,00:16:20,00:16:20,1,0,0,01/15/2023
f3eb860f-866e-4921-9222-14da572ae385,Physiological Psychology Week 2 Part 3,01/13/2022,00:16:20,James Bartlett,Physiological Psychology (PSYCH4065/5029) 2022-23,"Tate, Martinjoseph",203692@university.ac.uk,1,00:07:52,00:07:52,1,0,0,01/31/2023
f3eb860f-866e-4921-9222-14da572ae385,Physiological Psychology Week 2 Part 3,01/13/2022,00:16:20,James Bartlett,Physiological Psychology (PSYCH4065/5029) 2022-23,"Rhoda, Arin",251312@university.ac.uk,1,00:00:50,00:00:50,1,0,0,01/27/2023
f3eb860f-866e-4921-9222-14da572ae385,Physiological Psychology Week 2 Part 3,01/13/2022,00:16:20,James Bartlett,Physiological Psychology (PSYCH4065/5029) 2022-23,"Dominykas, Ka-Yanne",286532@university.ac.uk,1,00:16:20,00:16:20,1,0,0,01/27/2023
f3eb860f-866e-4921-9222-14da572ae385,Physiological Psychology Week 2 Part 3,01/13/2022,00:16:20,James Bartlett,Physiological Psychology (PSYCH4065/5029) 2022-23,"Shanice, Zarah",259026@university.ac.uk,1,00:14:37,00:14:37,1,0,0,01/23/2023
f3eb860f-866e-4921-9222-14da572ae385,Physiological Psychology Week 2 Part 3,01/13/2022,00:16:20,James Bartlett,Physiological Psychology (PSYCH4065/5029) 2022-23,"Shawn, Jeanne",261831@university.ac.uk,2,00:23:48,00:11:54,2,0,0,02/15/2023
f3eb860f-866e-4921-9222-14da572ae385,Physiological Psychology Week 2 Part 3,01/13/2022,00:16:20,James Bartlett,Physiological Psychology (PSYCH4065/5029) 2022-23,"Alfie-Lee, Melny",210653@university.ac.uk,1,00:16:20,00:16:20,1,0,0,01/23/2023
f3eb860f-866e-4921-9222-14da572ae385,Physiological Psychology Week 2 Part 3,01/13/2022,00:16:20,James Bartlett,Physiological Psychology (PSYCH4065/5029) 2022-23,"Koben, Ridhwan",242122@university.ac.uk,1,00:16:20,00:16:20,1,0,0,01/16/2023
f3eb860f-866e-4921-9222-14da572ae385,Physiological Psychology Week 2 Part 3,01/13/2022,00:16:20,James Bartlett,Physiological Psychology (PSYCH4065/5029) 2022-23,"Yagmur, Gregor",297758@university.ac.uk,1,00:16:20,00:16:20,1,0,0,01/16/2023
f3eb860f-866e-4921-9222-14da572ae385,Physiological Psychology Week 2 Part 3,01/13/2022,00:16:20,James Bartlett,Physiological Psychology (PSYCH4065/5029) 2022-23,"Tazmeen, Masa",262056@university.ac.uk,1,00:16:10,00:16:10,1,0,0,01/16/2023
f3eb860f-866e-4921-9222-14da572ae385,Physiological Psychology Week 2 Part 3,01/13/2022,00:16:20,James Bartlett,Physiological Psychology (PSYCH4065/5029) 2022-23,"Vedanshi, Meggan",241495@university.ac.uk,1,00:16:20,00:16:20,1,0,0,01/17/2023
f3eb860f-866e-4921-9222-14da572ae385,Physiological Psychology Week 2 Part 3,01/13/2022,00:16:20,James Bartlett,Physiological Psychology (PSYCH4065/5029) 2022-23,NA,NA,1,00:12:35,00:12:35,1,0,0,01/16/2023
f3eb860f-866e-4921-9222-14da572ae385,Physiological Psychology Week 2 Part 3,01/13/2022,00:16:20,James Bartlett,Physiological Psychology (PSYCH4065/5029) 2022-23,"Yasser, Mccartney",202672@university.ac.uk,1,00:11:39,00:11:39,1,0,0,01/26/2023
f3eb860f-866e-4921-9222-14da572ae385,Physiological Psychology Week 2 Part 3,01/13/2022,00:16:20,James Bartlett,Physiological Psychology (PSYCH4065/5029) 2022-23,"Caitlyn, Olwen",233221@university.ac.uk,1,00:04:41,00:04:41,1,0,0,01/23/2023
f3eb860f-866e-4921-9222-14da572ae385,Physiological Psychology Week 2 Part 3,01/13/2022,00:16:20,James Bartlett,Physiological Psychology (PSYCH4065/5029) 2022-23,"Munachiso, Kareen",277615@university.ac.uk,2,00:10:12,00:05:06,2,0,0,01/17/2023
f3eb860f-866e-4921-9222-14da572ae385,Physiological Psychology Week 2 Part 3,01/13/2022,00:16:20,James Bartlett,Physiological Psychology (PSYCH4065/5029) 2022-23,"Thomas, Stirling",261894@university.ac.uk,1,00:09:47,00:09:47,1,0,0,01/20/2023
f3eb860f-866e-4921-9222-14da572ae385,Physiological Psychology Week 2 Part 3,01/13/2022,00:16:20,James Bartlett,Physiological Psychology (PSYCH4065/5029) 2022-23,"Dea, Jamie",278888@university.ac.uk,1,00:16:10,00:16:10,1,0,0,01/23/2023
f3eb860f-866e-4921-9222-14da572ae385,Physiological Psychology Week 2 Part 3,01/13/2022,00:16:20,James Bartlett,Physiological Psychology (PSYCH4065/5029) 2022-23,"Remy, Aili",271898@university.ac.uk,1,00:16:20,00:16:20,1,0,0,01/16/2023
f3eb860f-866e-4921-9222-14da572ae385,Physiological Psychology Week 2 Part 3,01/13/2022,00:16:20,James Bartlett,Physiological Psychology (PSYCH4065/5029) 2022-23,"Emrys, Rabecca",252183@university.ac.uk,1,00:16:20,00:16:20,1,0,0,01/18/2023
f3eb860f-866e-4921-9222-14da572ae385,Physiological Psychology Week 2 Part 3,01/13/2022,00:16:20,James Bartlett,Physiological Psychology (PSYCH4065/5029) 2022-23,NA,NA,1,00:00:04,00:00:04,1,0,0,01/16/2023
f3eb860f-866e-4921-9222-14da572ae385,Physiological Psychology Week 2 Part 3,01/13/2022,00:16:20,James Bartlett,Physiological Psychology (PSYCH4065/5029) 2022-23,"Celt, Emma-Jane",262280@university.ac.uk,1,00:16:19,00:16:19,1,0,0,01/16/2023
f3eb860f-866e-4921-9222-14da572ae385,Physiological Psychology Week 2 Part 3,01/13/2022,00:16:20,James Bartlett,Physiological Psychology (PSYCH4065/5029) 2022-23,"Kwadwo, Iysla",233053@university.ac.uk,1,00:14:00,00:14:00,1,0,0,01/17/2023
f3eb860f-866e-4921-9222-14da572ae385,Physiological Psychology Week 2 Part 3,01/13/2022,00:16:20,James Bartlett,Physiological Psychology (PSYCH4065/5029) 2022-23,"Laurelle, Breige",267934@university.ac.uk,1,00:16:20,00:16:20,1,0,0,01/17/2023
f3eb860f-866e-4921-9222-14da572ae385,Physiological Psychology Week 2 Part 3,01/13/2022,00:16:20,James Bartlett,Physiological Psychology (PSYCH4065/5029) 2022-23,"Freya-Marie, Ga",282445@university.ac.uk,1,00:08:02,00:08:02,1,0,0,01/16/2023
f3eb860f-866e-4921-9222-14da572ae385,Physiological Psychology Week 2 Part 3,01/13/2022,00:16:20,James Bartlett,Physiological Psychology (PSYCH4065/5029) 2022-23,"Kyan, Zoie-Jane",275142@university.ac.uk,1,00:05:28,00:05:28,1,0,0,01/23/2023
f3eb860f-866e-4921-9222-14da572ae385,Physiological Psychology Week 2 Part 3,01/13/2022,00:16:20,James Bartlett,Physiological Psychology (PSYCH4065/5029) 2022-23,"Patryk, Thanda",227686@university.ac.uk,1,00:16:20,00:16:20,1,0,0,01/28/2023
f3eb860f-866e-4921-9222-14da572ae385,Physiological Psychology Week 2 Part 3,01/13/2022,00:16:20,James Bartlett,Physiological Psychology (PSYCH4065/5029) 2022-23,"Alexandra, Simon",261526@university.ac.uk,1,00:11:23,00:11:23,1,0,0,01/30/2023
f3eb860f-866e-4921-9222-14da572ae385,Physiological Psychology Week 2 Part 3,01/13/2022,00:16:20,James Bartlett,Physiological Psychology (PSYCH4065/5029) 2022-23,"Truly, Tad",222194@university.ac.uk,1,00:14:40,00:14:40,1,0,0,01/17/2023
f3eb860f-866e-4921-9222-14da572ae385,Physiological Psychology Week 2 Part 3,01/13/2022,00:16:20,James Bartlett,Physiological Psychology (PSYCH4065/5029) 2022-23,"Kael, Fidda",241490@university.ac.uk,1,00:16:20,00:16:20,1,0,0,01/21/2023
f3eb860f-866e-4921-9222-14da572ae385,Physiological Psychology Week 2 Part 3,01/13/2022,00:16:20,James Bartlett,Physiological Psychology (PSYCH4065/5029) 2022-23,"Phillipa, Elyse",226700@university.ac.uk,1,00:16:20,00:16:20,1,0,0,01/22/2023
f3eb860f-866e-4921-9222-14da572ae385,Physiological Psychology Week 2 Part 3,01/13/2022,00:16:20,James Bartlett,Physiological Psychology (PSYCH4065/5029) 2022-23,NA,NA,1,00:14:20,00:14:20,1,0,0,01/17/2023
f3eb860f-866e-4921-9222-14da572ae385,Physiological Psychology Week 2 Part 3,01/13/2022,00:16:20,James Bartlett,Physiological Psychology (PSYCH4065/5029) 2022-23,"Flavio, Bushra",244652@university.ac.uk,1,00:16:11,00:16:11,1,0,0,01/21/2023
f3eb860f-866e-4921-9222-14da572ae385,Physiological Psychology Week 2 Part 3,01/13/2022,00:16:20,James Bartlett,Physiological Psychology (PSYCH4065/5029) 2022-23,"Savannah, Violet",274446@university.ac.uk,1,00:16:18,00:16:18,1,0,0,01/16/2023
f3eb860f-866e-4921-9222-14da572ae385,Physiological Psychology Week 2 Part 3,01/13/2022,00:16:20,James Bartlett,Physiological Psychology (PSYCH4065/5029) 2022-23,"Khalid, Emmanuella",270096@university.ac.uk,1,00:16:15,00:16:15,1,0,0,01/29/2023
f3eb860f-866e-4921-9222-14da572ae385,Physiological Psychology Week 2 Part 3,01/13/2022,00:16:20,James Bartlett,Physiological Psychology (PSYCH4065/5029) 2022-23,"Mya, Coral",225229@university.ac.uk,1,00:13:13,00:13:13,1,0,0,01/30/2023
f3eb860f-866e-4921-9222-14da572ae385,Physiological Psychology Week 2 Part 3,01/13/2022,00:16:20,James Bartlett,Physiological Psychology (PSYCH4065/5029) 2022-23,"Cayan, Garrick",285278@university.ac.uk,1,00:16:20,00:16:20,1,0,0,01/16/2023
f3eb860f-866e-4921-9222-14da572ae385,Physiological Psychology Week 2 Part 3,01/13/2022,00:16:20,James Bartlett,Physiological Psychology (PSYCH4065/5029) 2022-23,"Lacey-Rose, Levi",291716@university.ac.uk,1,00:16:20,00:16:20,1,0,0,01/17/2023
f3eb860f-866e-4921-9222-14da572ae385,Physiological Psychology Week 2 Part 3,01/13/2022,00:16:20,James Bartlett,Physiological Psychology (PSYCH4065/5029) 2022-23,"Destiny, Antoinette",262346@university.ac.uk,1,00:14:51,00:14:51,1,0,0,01/23/2023
f3eb860f-866e-4921-9222-14da572ae385,Physiological Psychology Week 2 Part 3,01/13/2022,00:16:20,James Bartlett,Physiological Psychology (PSYCH4065/5029) 2022-23,"Etienne, Koa",277966@university.ac.uk,1,00:16:20,00:16:20,1,0,0,01/17/2023
f3eb860f-866e-4921-9222-14da572ae385,Physiological Psychology Week 2 Part 3,01/13/2022,00:16:20,James Bartlett,Physiological Psychology (PSYCH4065/5029) 2022-23,"Riyaz, Lawson",256300@university.ac.uk,1,00:16:20,00:16:20,1,0,0,01/16/2023
f3eb860f-866e-4921-9222-14da572ae385,Physiological Psychology Week 2 Part 3,01/13/2022,00:16:20,James Bartlett,Physiological Psychology (PSYCH4065/5029) 2022-23,"Kielan, Logan-James",263984@university.ac.uk,1,00:04:46,00:04:46,1,0,0,01/16/2023
f3eb860f-866e-4921-9222-14da572ae385,Physiological Psychology Week 2 Part 3,01/13/2022,00:16:20,James Bartlett,Physiological Psychology (PSYCH4065/5029) 2022-23,NA,NA,1,00:13:58,00:13:58,1,0,0,01/18/2023
f3eb860f-866e-4921-9222-14da572ae385,Physiological Psychology Week 2 Part 3,01/13/2022,00:16:20,James Bartlett,Physiological Psychology (PSYCH4065/5029) 2022-23,"Alasdair, Agathe",264637@university.ac.uk,1,00:13:17,00:13:17,1,0,0,01/27/2023
f3eb860f-866e-4921-9222-14da572ae385,Physiological Psychology Week 2 Part 3,01/13/2022,00:16:20,James Bartlett,Physiological Psychology (PSYCH4065/5029) 2022-23,"Haya, Nawal",237311@university.ac.uk,2,00:16:15,00:08:07,2,0,0,02/10/2023
f3eb860f-866e-4921-9222-14da572ae385,Physiological Psychology Week 2 Part 3,01/13/2022,00:16:20,James Bartlett,Physiological Psychology (PSYCH4065/5029) 2022-23,"Jett, Aryn",208863@university.ac.uk,1,00:16:20,00:16:20,1,0,0,01/22/2023
f3eb860f-866e-4921-9222-14da572ae385,Physiological Psychology Week 2 Part 3,01/13/2022,00:16:20,James Bartlett,Physiological Psychology (PSYCH4065/5029) 2022-23,"Narayan, Roseanne",227878@university.ac.uk,1,00:02:39,00:02:39,1,0,0,01/20/2023
f3eb860f-866e-4921-9222-14da572ae385,Physiological Psychology Week 2 Part 3,01/13/2022,00:16:20,James Bartlett,Physiological Psychology (PSYCH4065/5029) 2022-23,"Sevyn, Kinvara",245910@university.ac.uk,1,00:13:58,00:13:58,1,0,0,01/22/2023
f3eb860f-866e-4921-9222-14da572ae385,Physiological Psychology Week 2 Part 3,01/13/2022,00:16:20,James Bartlett,Physiological Psychology (PSYCH4065/5029) 2022-23,"Kiefer, Martin",231636@university.ac.uk,1,00:14:45,00:14:45,1,0,0,01/16/2023
f3eb860f-866e-4921-9222-14da572ae385,Physiological Psychology Week 2 Part 3,01/13/2022,00:16:20,James Bartlett,Physiological Psychology (PSYCH4065/5029) 2022-23,"Arlo, Subhanallah",221357@university.ac.uk,1,00:15:59,00:15:59,1,0,0,01/20/2023
f3eb860f-866e-4921-9222-14da572ae385,Physiological Psychology Week 2 Part 3,01/13/2022,00:16:20,James Bartlett,Physiological Psychology (PSYCH4065/5029) 2022-23,"Alix, Adena",245075@university.ac.uk,1,00:11:13,00:11:13,1,0,0,01/29/2023
