media_id,media_name,create_date,duration,owner_name,course,user_name,email_address,total_views,total_view_time,average_view_time,on_demand_views,live_view_count,downloads,last_viewed
faabfafb-a428-4611-b31f-d36d0c497931,Physiological Psychology Week 3 Part 3,01/23/2022,00:18:28,James Bartlett,Physiological Psychology (PSYCH4065/5029) 2022-23,"Ianto, Tasadduq",210396@university.ac.uk,1,00:05:51,00:05:51,1,0,0,01/24/2023
faabfafb-a428-4611-b31f-d36d0c497931,Physiological Psychology Week 3 Part 3,01/23/2022,00:18:28,James Bartlett,Physiological Psychology (PSYCH4065/5029) 2022-23,"Alessa, Tamarah",205650@university.ac.uk,2,00:17:47,00:08:53,2,0,0,01/30/2023
faabfafb-a428-4611-b31f-d36d0c497931,Physiological Psychology Week 3 Part 3,01/23/2022,00:18:28,James Bartlett,Physiological Psychology (PSYCH4065/5029) 2022-23,"Mary-Ann, Abdussalam",211437@university.ac.uk,2,00:22:13,00:11:06,2,0,0,02/10/2023
faabfafb-a428-4611-b31f-d36d0c497931,Physiological Psychology Week 3 Part 3,01/23/2022,00:18:28,James Bartlett,Physiological Psychology (PSYCH4065/5029) 2022-23,"Aderyn, Cahil",298179@university.ac.uk,1,00:14:14,00:14:14,1,0,0,01/26/2023
faabfafb-a428-4611-b31f-d36d0c497931,Physiological Psychology Week 3 Part 3,01/23/2022,00:18:28,James Bartlett,Physiological Psychology (PSYCH4065/5029) 2022-23,"Rosetta, Glenn",260819@university.ac.uk,2,00:15:42,00:07:51,2,0,0,01/24/2023
faabfafb-a428-4611-b31f-d36d0c497931,Physiological Psychology Week 3 Part 3,01/23/2022,00:18:28,James Bartlett,Physiological Psychology (PSYCH4065/5029) 2022-23,"Yashi, Khawlah",250818@university.ac.uk,1,00:15:24,00:15:24,1,0,0,01/29/2023
faabfafb-a428-4611-b31f-d36d0c497931,Physiological Psychology Week 3 Part 3,01/23/2022,00:18:28,James Bartlett,Physiological Psychology (PSYCH4065/5029) 2022-23,"Georgia-Mai, Dyan",254982@university.ac.uk,1,00:18:28,00:18:28,1,0,0,01/23/2023
faabfafb-a428-4611-b31f-d36d0c497931,Physiological Psychology Week 3 Part 3,01/23/2022,00:18:28,James Bartlett,Physiological Psychology (PSYCH4065/5029) 2022-23,NA,NA,1,00:18:24,00:18:24,1,0,0,02/02/2023
faabfafb-a428-4611-b31f-d36d0c497931,Physiological Psychology Week 3 Part 3,01/23/2022,00:18:28,James Bartlett,Physiological Psychology (PSYCH4065/5029) 2022-23,"Ellie, Conal",238599@university.ac.uk,1,00:08:50,00:08:50,1,0,0,01/23/2023
faabfafb-a428-4611-b31f-d36d0c497931,Physiological Psychology Week 3 Part 3,01/23/2022,00:18:28,James Bartlett,Physiological Psychology (PSYCH4065/5029) 2022-23,"Mohammud, Siun",200385@university.ac.uk,1,00:18:07,00:18:07,1,0,0,01/30/2023
faabfafb-a428-4611-b31f-d36d0c497931,Physiological Psychology Week 3 Part 3,01/23/2022,00:18:28,James Bartlett,Physiological Psychology (PSYCH4065/5029) 2022-23,"Nazmul, Katie-Rose",255390@university.ac.uk,1,00:08:57,00:08:57,1,0,0,01/31/2023
faabfafb-a428-4611-b31f-d36d0c497931,Physiological Psychology Week 3 Part 3,01/23/2022,00:18:28,James Bartlett,Physiological Psychology (PSYCH4065/5029) 2022-23,"Krisha, Augustyn",273952@university.ac.uk,1,00:18:28,00:18:28,1,0,0,01/25/2023
faabfafb-a428-4611-b31f-d36d0c497931,Physiological Psychology Week 3 Part 3,01/23/2022,00:18:28,James Bartlett,Physiological Psychology (PSYCH4065/5029) 2022-23,"Pratik, Koda",274616@university.ac.uk,1,00:18:13,00:18:13,1,0,0,01/23/2023
faabfafb-a428-4611-b31f-d36d0c497931,Physiological Psychology Week 3 Part 3,01/23/2022,00:18:28,James Bartlett,Physiological Psychology (PSYCH4065/5029) 2022-23,"Leone, Sadie",290988@university.ac.uk,1,00:02:39,00:02:39,1,0,0,01/27/2023
faabfafb-a428-4611-b31f-d36d0c497931,Physiological Psychology Week 3 Part 3,01/23/2022,00:18:28,James Bartlett,Physiological Psychology (PSYCH4065/5029) 2022-23,"Dalia, Alix",299716@university.ac.uk,1,00:15:02,00:15:02,1,0,0,01/24/2023
faabfafb-a428-4611-b31f-d36d0c497931,Physiological Psychology Week 3 Part 3,01/23/2022,00:18:28,James Bartlett,Physiological Psychology (PSYCH4065/5029) 2022-23,NA,NA,1,00:18:08,00:18:08,1,0,0,01/24/2023
faabfafb-a428-4611-b31f-d36d0c497931,Physiological Psychology Week 3 Part 3,01/23/2022,00:18:28,James Bartlett,Physiological Psychology (PSYCH4065/5029) 2022-23,"Kennedi, Sergio",207605@university.ac.uk,1,00:14:01,00:14:01,1,0,0,02/03/2023
faabfafb-a428-4611-b31f-d36d0c497931,Physiological Psychology Week 3 Part 3,01/23/2022,00:18:28,James Bartlett,Physiological Psychology (PSYCH4065/5029) 2022-23,"Varsha, Airlie",207496@university.ac.uk,1,00:18:28,00:18:28,1,0,0,01/28/2023
faabfafb-a428-4611-b31f-d36d0c497931,Physiological Psychology Week 3 Part 3,01/23/2022,00:18:28,James Bartlett,Physiological Psychology (PSYCH4065/5029) 2022-23,"Barbara, Yonas",279971@university.ac.uk,1,00:18:28,00:18:28,1,0,0,01/27/2023
faabfafb-a428-4611-b31f-d36d0c497931,Physiological Psychology Week 3 Part 3,01/23/2022,00:18:28,James Bartlett,Physiological Psychology (PSYCH4065/5029) 2022-23,"Lena, Ellie-Mae",234052@university.ac.uk,1,00:14:53,00:14:53,1,0,0,02/02/2023
faabfafb-a428-4611-b31f-d36d0c497931,Physiological Psychology Week 3 Part 3,01/23/2022,00:18:28,James Bartlett,Physiological Psychology (PSYCH4065/5029) 2022-23,"Antonin, Ruri",282940@university.ac.uk,1,00:13:25,00:13:25,1,0,0,01/26/2023
faabfafb-a428-4611-b31f-d36d0c497931,Physiological Psychology Week 3 Part 3,01/23/2022,00:18:28,James Bartlett,Physiological Psychology (PSYCH4065/5029) 2022-23,"Gelila, Wilhelm",217609@university.ac.uk,2,00:18:21,00:09:10,2,0,0,01/22/2023
faabfafb-a428-4611-b31f-d36d0c497931,Physiological Psychology Week 3 Part 3,01/23/2022,00:18:28,James Bartlett,Physiological Psychology (PSYCH4065/5029) 2022-23,"Krishan, Caley",283757@university.ac.uk,1,00:16:56,00:16:56,1,0,0,01/24/2023
faabfafb-a428-4611-b31f-d36d0c497931,Physiological Psychology Week 3 Part 3,01/23/2022,00:18:28,James Bartlett,Physiological Psychology (PSYCH4065/5029) 2022-23,"Berenice, Heloise",256570@university.ac.uk,1,00:18:06,00:18:06,1,0,0,01/28/2023
faabfafb-a428-4611-b31f-d36d0c497931,Physiological Psychology Week 3 Part 3,01/23/2022,00:18:28,James Bartlett,Physiological Psychology (PSYCH4065/5029) 2022-23,"Quade, Mahjabeen",267333@university.ac.uk,1,00:18:28,00:18:28,1,0,0,02/03/2023
faabfafb-a428-4611-b31f-d36d0c497931,Physiological Psychology Week 3 Part 3,01/23/2022,00:18:28,James Bartlett,Physiological Psychology (PSYCH4065/5029) 2022-23,"Taylor-James, Savannah-Jane",299663@university.ac.uk,2,00:15:49,00:07:54,2,0,0,02/06/2023
faabfafb-a428-4611-b31f-d36d0c497931,Physiological Psychology Week 3 Part 3,01/23/2022,00:18:28,James Bartlett,Physiological Psychology (PSYCH4065/5029) 2022-23,"Rick, Kaeran",269853@university.ac.uk,1,00:18:28,00:18:28,1,0,0,01/29/2023
faabfafb-a428-4611-b31f-d36d0c497931,Physiological Psychology Week 3 Part 3,01/23/2022,00:18:28,James Bartlett,Physiological Psychology (PSYCH4065/5029) 2022-23,"Patryk, Laurn",229798@university.ac.uk,1,00:18:28,00:18:28,1,0,0,01/24/2023
faabfafb-a428-4611-b31f-d36d0c497931,Physiological Psychology Week 3 Part 3,01/23/2022,00:18:28,James Bartlett,Physiological Psychology (PSYCH4065/5029) 2022-23,"Shaan, Lisa-Anne",246567@university.ac.uk,1,00:18:28,00:18:28,1,0,0,01/28/2023
faabfafb-a428-4611-b31f-d36d0c497931,Physiological Psychology Week 3 Part 3,01/23/2022,00:18:28,James Bartlett,Physiological Psychology (PSYCH4065/5029) 2022-23,"Gibril, Gurdas",252103@university.ac.uk,1,00:14:49,00:14:49,1,0,0,01/25/2023
faabfafb-a428-4611-b31f-d36d0c497931,Physiological Psychology Week 3 Part 3,01/23/2022,00:18:28,James Bartlett,Physiological Psychology (PSYCH4065/5029) 2022-23,"Nikolas, Lilah",236216@university.ac.uk,1,00:18:28,00:18:28,1,0,0,01/23/2023
faabfafb-a428-4611-b31f-d36d0c497931,Physiological Psychology Week 3 Part 3,01/23/2022,00:18:28,James Bartlett,Physiological Psychology (PSYCH4065/5029) 2022-23,NA,NA,1,00:00:40,00:00:40,1,0,0,01/31/2023
faabfafb-a428-4611-b31f-d36d0c497931,Physiological Psychology Week 3 Part 3,01/23/2022,00:18:28,James Bartlett,Physiological Psychology (PSYCH4065/5029) 2022-23,"Regan, Nifemi",217780@university.ac.uk,1,00:05:57,00:05:57,1,0,0,01/24/2023
faabfafb-a428-4611-b31f-d36d0c497931,Physiological Psychology Week 3 Part 3,01/23/2022,00:18:28,James Bartlett,Physiological Psychology (PSYCH4065/5029) 2022-23,"Yaqoob, Justyn",219167@university.ac.uk,3,00:00:47,00:00:15,3,0,0,02/02/2023
faabfafb-a428-4611-b31f-d36d0c497931,Physiological Psychology Week 3 Part 3,01/23/2022,00:18:28,James Bartlett,Physiological Psychology (PSYCH4065/5029) 2022-23,"Keylee, Gianna",270459@university.ac.uk,1,00:15:52,00:15:52,1,0,0,01/31/2023
faabfafb-a428-4611-b31f-d36d0c497931,Physiological Psychology Week 3 Part 3,01/23/2022,00:18:28,James Bartlett,Physiological Psychology (PSYCH4065/5029) 2022-23,"Adeola, Carsson",220056@university.ac.uk,1,00:14:26,00:14:26,1,0,0,01/23/2023
faabfafb-a428-4611-b31f-d36d0c497931,Physiological Psychology Week 3 Part 3,01/23/2022,00:18:28,James Bartlett,Physiological Psychology (PSYCH4065/5029) 2022-23,"Leyland, Ka",258713@university.ac.uk,1,00:18:21,00:18:21,1,0,0,01/31/2023
faabfafb-a428-4611-b31f-d36d0c497931,Physiological Psychology Week 3 Part 3,01/23/2022,00:18:28,James Bartlett,Physiological Psychology (PSYCH4065/5029) 2022-23,"Reid, Paighton",212579@university.ac.uk,1,00:14:22,00:14:22,1,0,0,01/26/2023
faabfafb-a428-4611-b31f-d36d0c497931,Physiological Psychology Week 3 Part 3,01/23/2022,00:18:28,James Bartlett,Physiological Psychology (PSYCH4065/5029) 2022-23,"Jasmina, Gillies",287287@university.ac.uk,1,00:09:36,00:09:36,1,0,0,01/23/2023
faabfafb-a428-4611-b31f-d36d0c497931,Physiological Psychology Week 3 Part 3,01/23/2022,00:18:28,James Bartlett,Physiological Psychology (PSYCH4065/5029) 2022-23,"Finnley, Bilal",298491@university.ac.uk,1,00:17:02,00:17:02,1,0,0,01/24/2023
faabfafb-a428-4611-b31f-d36d0c497931,Physiological Psychology Week 3 Part 3,01/23/2022,00:18:28,James Bartlett,Physiological Psychology (PSYCH4065/5029) 2022-23,"Fatehveer, Kirstan",240507@university.ac.uk,1,00:18:28,00:18:28,1,0,0,01/25/2023
faabfafb-a428-4611-b31f-d36d0c497931,Physiological Psychology Week 3 Part 3,01/23/2022,00:18:28,James Bartlett,Physiological Psychology (PSYCH4065/5029) 2022-23,"Anthonie, Syma",272666@university.ac.uk,1,00:15:27,00:15:27,1,0,0,02/13/2023
faabfafb-a428-4611-b31f-d36d0c497931,Physiological Psychology Week 3 Part 3,01/23/2022,00:18:28,James Bartlett,Physiological Psychology (PSYCH4065/5029) 2022-23,"Nazira, Alyshea",210025@university.ac.uk,1,00:18:28,00:18:28,1,0,0,01/31/2023
faabfafb-a428-4611-b31f-d36d0c497931,Physiological Psychology Week 3 Part 3,01/23/2022,00:18:28,James Bartlett,Physiological Psychology (PSYCH4065/5029) 2022-23,"Cameron, Ashlin",268438@university.ac.uk,1,00:18:16,00:18:16,1,0,0,02/08/2023
faabfafb-a428-4611-b31f-d36d0c497931,Physiological Psychology Week 3 Part 3,01/23/2022,00:18:28,James Bartlett,Physiological Psychology (PSYCH4065/5029) 2022-23,"Jermaine, Hishaam",257295@university.ac.uk,1,00:17:12,00:17:12,1,0,0,01/23/2023
faabfafb-a428-4611-b31f-d36d0c497931,Physiological Psychology Week 3 Part 3,01/23/2022,00:18:28,James Bartlett,Physiological Psychology (PSYCH4065/5029) 2022-23,"Django, Emaan",241548@university.ac.uk,1,00:14:39,00:14:39,1,0,0,01/23/2023
faabfafb-a428-4611-b31f-d36d0c497931,Physiological Psychology Week 3 Part 3,01/23/2022,00:18:28,James Bartlett,Physiological Psychology (PSYCH4065/5029) 2022-23,NA,NA,1,00:16:36,00:16:36,1,0,0,02/01/2023
faabfafb-a428-4611-b31f-d36d0c497931,Physiological Psychology Week 3 Part 3,01/23/2022,00:18:28,James Bartlett,Physiological Psychology (PSYCH4065/5029) 2022-23,"Samreen, Minnie",289892@university.ac.uk,1,00:13:11,00:13:11,1,0,0,02/05/2023
faabfafb-a428-4611-b31f-d36d0c497931,Physiological Psychology Week 3 Part 3,01/23/2022,00:18:28,James Bartlett,Physiological Psychology (PSYCH4065/5029) 2022-23,"Guled, Crystal",228588@university.ac.uk,1,00:18:24,00:18:24,1,0,0,01/25/2023
faabfafb-a428-4611-b31f-d36d0c497931,Physiological Psychology Week 3 Part 3,01/23/2022,00:18:28,James Bartlett,Physiological Psychology (PSYCH4065/5029) 2022-23,"Saajan, Colbie",202310@university.ac.uk,1,00:07:39,00:07:39,1,0,0,01/24/2023
faabfafb-a428-4611-b31f-d36d0c497931,Physiological Psychology Week 3 Part 3,01/23/2022,00:18:28,James Bartlett,Physiological Psychology (PSYCH4065/5029) 2022-23,"Clarissa, Derrick",205763@university.ac.uk,1,00:09:03,00:09:03,1,0,0,01/22/2023
faabfafb-a428-4611-b31f-d36d0c497931,Physiological Psychology Week 3 Part 3,01/23/2022,00:18:28,James Bartlett,Physiological Psychology (PSYCH4065/5029) 2022-23,"Paul, Loryn",286491@university.ac.uk,1,00:16:54,00:16:54,1,0,0,01/23/2023
faabfafb-a428-4611-b31f-d36d0c497931,Physiological Psychology Week 3 Part 3,01/23/2022,00:18:28,James Bartlett,Physiological Psychology (PSYCH4065/5029) 2022-23,"Kez, Charlotte",211530@university.ac.uk,1,00:18:28,00:18:28,1,0,0,01/24/2023
faabfafb-a428-4611-b31f-d36d0c497931,Physiological Psychology Week 3 Part 3,01/23/2022,00:18:28,James Bartlett,Physiological Psychology (PSYCH4065/5029) 2022-23,"Hamida, Keyvan",270437@university.ac.uk,1,00:18:24,00:18:24,1,0,0,01/25/2023
faabfafb-a428-4611-b31f-d36d0c497931,Physiological Psychology Week 3 Part 3,01/23/2022,00:18:28,James Bartlett,Physiological Psychology (PSYCH4065/5029) 2022-23,"Alba, Neave",254456@university.ac.uk,1,00:14:13,00:14:13,1,0,0,01/30/2023
faabfafb-a428-4611-b31f-d36d0c497931,Physiological Psychology Week 3 Part 3,01/23/2022,00:18:28,James Bartlett,Physiological Psychology (PSYCH4065/5029) 2022-23,"Seyma, Rajan",238572@university.ac.uk,2,00:18:32,00:09:16,2,0,0,01/26/2023
faabfafb-a428-4611-b31f-d36d0c497931,Physiological Psychology Week 3 Part 3,01/23/2022,00:18:28,James Bartlett,Physiological Psychology (PSYCH4065/5029) 2022-23,"Nichole, Dezl",217087@university.ac.uk,1,00:18:25,00:18:25,1,0,0,01/23/2023
faabfafb-a428-4611-b31f-d36d0c497931,Physiological Psychology Week 3 Part 3,01/23/2022,00:18:28,James Bartlett,Physiological Psychology (PSYCH4065/5029) 2022-23,"Lucca, Jock",299226@university.ac.uk,2,00:18:29,00:09:14,2,0,0,01/29/2023
faabfafb-a428-4611-b31f-d36d0c497931,Physiological Psychology Week 3 Part 3,01/23/2022,00:18:28,James Bartlett,Physiological Psychology (PSYCH4065/5029) 2022-23,"Moyosoreoluwa, Harmanveer",229233@university.ac.uk,1,00:13:42,00:13:42,1,0,0,02/15/2023
faabfafb-a428-4611-b31f-d36d0c497931,Physiological Psychology Week 3 Part 3,01/23/2022,00:18:28,James Bartlett,Physiological Psychology (PSYCH4065/5029) 2022-23,"Zacchaeus, John",226977@university.ac.uk,1,00:11:42,00:11:42,1,0,0,01/23/2023
faabfafb-a428-4611-b31f-d36d0c497931,Physiological Psychology Week 3 Part 3,01/23/2022,00:18:28,James Bartlett,Physiological Psychology (PSYCH4065/5029) 2022-23,"Guto, Shonaidh",245933@university.ac.uk,1,00:11:36,00:11:36,1,0,0,01/25/2023
faabfafb-a428-4611-b31f-d36d0c497931,Physiological Psychology Week 3 Part 3,01/23/2022,00:18:28,James Bartlett,Physiological Psychology (PSYCH4065/5029) 2022-23,"Leif, Kash",249780@university.ac.uk,1,00:13:29,00:13:29,1,0,0,01/31/2023
faabfafb-a428-4611-b31f-d36d0c497931,Physiological Psychology Week 3 Part 3,01/23/2022,00:18:28,James Bartlett,Physiological Psychology (PSYCH4065/5029) 2022-23,"Frederico, Esra",281979@university.ac.uk,3,00:18:33,00:06:11,3,0,0,01/25/2023
faabfafb-a428-4611-b31f-d36d0c497931,Physiological Psychology Week 3 Part 3,01/23/2022,00:18:28,James Bartlett,Physiological Psychology (PSYCH4065/5029) 2022-23,"Thamim, Andy",226506@university.ac.uk,1,00:18:24,00:18:24,1,0,0,01/27/2023
faabfafb-a428-4611-b31f-d36d0c497931,Physiological Psychology Week 3 Part 3,01/23/2022,00:18:28,James Bartlett,Physiological Psychology (PSYCH4065/5029) 2022-23,"Zamin, Ruaidhri",218989@university.ac.uk,1,00:15:21,00:15:21,1,0,0,01/24/2023
faabfafb-a428-4611-b31f-d36d0c497931,Physiological Psychology Week 3 Part 3,01/23/2022,00:18:28,James Bartlett,Physiological Psychology (PSYCH4065/5029) 2022-23,"Mackenzie, Esmae",207464@university.ac.uk,1,00:16:49,00:16:49,1,0,0,02/03/2023
faabfafb-a428-4611-b31f-d36d0c497931,Physiological Psychology Week 3 Part 3,01/23/2022,00:18:28,James Bartlett,Physiological Psychology (PSYCH4065/5029) 2022-23,"Allannah, Amel",297787@university.ac.uk,1,00:18:28,00:18:28,1,0,0,01/29/2023
faabfafb-a428-4611-b31f-d36d0c497931,Physiological Psychology Week 3 Part 3,01/23/2022,00:18:28,James Bartlett,Physiological Psychology (PSYCH4065/5029) 2022-23,"Cher, Lynnet",270905@university.ac.uk,2,00:09:55,00:04:57,2,0,0,01/30/2023
faabfafb-a428-4611-b31f-d36d0c497931,Physiological Psychology Week 3 Part 3,01/23/2022,00:18:28,James Bartlett,Physiological Psychology (PSYCH4065/5029) 2022-23,"Fraser, Mhairi-Anne",279471@university.ac.uk,3,00:20:38,00:06:52,3,0,0,01/29/2023
faabfafb-a428-4611-b31f-d36d0c497931,Physiological Psychology Week 3 Part 3,01/23/2022,00:18:28,James Bartlett,Physiological Psychology (PSYCH4065/5029) 2022-23,NA,NA,1,00:15:31,00:15:31,1,0,0,01/23/2023
faabfafb-a428-4611-b31f-d36d0c497931,Physiological Psychology Week 3 Part 3,01/23/2022,00:18:28,James Bartlett,Physiological Psychology (PSYCH4065/5029) 2022-23,"Hizar, Antoni",258458@university.ac.uk,3,00:21:10,00:07:03,3,0,0,02/12/2023
faabfafb-a428-4611-b31f-d36d0c497931,Physiological Psychology Week 3 Part 3,01/23/2022,00:18:28,James Bartlett,Physiological Psychology (PSYCH4065/5029) 2022-23,"Laith, Amber-Louise",247526@university.ac.uk,2,00:18:01,00:09:00,2,0,0,01/23/2023
faabfafb-a428-4611-b31f-d36d0c497931,Physiological Psychology Week 3 Part 3,01/23/2022,00:18:28,James Bartlett,Physiological Psychology (PSYCH4065/5029) 2022-23,"Marco, Feroz",279302@university.ac.uk,1,00:15:54,00:15:54,1,0,0,02/10/2023
faabfafb-a428-4611-b31f-d36d0c497931,Physiological Psychology Week 3 Part 3,01/23/2022,00:18:28,James Bartlett,Physiological Psychology (PSYCH4065/5029) 2022-23,"Jole, Roxanne",231946@university.ac.uk,1,00:07:40,00:07:40,1,0,0,01/27/2023
faabfafb-a428-4611-b31f-d36d0c497931,Physiological Psychology Week 3 Part 3,01/23/2022,00:18:28,James Bartlett,Physiological Psychology (PSYCH4065/5029) 2022-23,"Dillion, Jago",214486@university.ac.uk,1,00:18:28,00:18:28,1,0,0,01/23/2023
faabfafb-a428-4611-b31f-d36d0c497931,Physiological Psychology Week 3 Part 3,01/23/2022,00:18:28,James Bartlett,Physiological Psychology (PSYCH4065/5029) 2022-23,"Kacie-Leigh, Stasia",210664@university.ac.uk,1,00:18:28,00:18:28,1,0,0,01/26/2023
faabfafb-a428-4611-b31f-d36d0c497931,Physiological Psychology Week 3 Part 3,01/23/2022,00:18:28,James Bartlett,Physiological Psychology (PSYCH4065/5029) 2022-23,"Amaal, Arti",200154@university.ac.uk,1,00:13:04,00:13:04,1,0,0,01/23/2023
faabfafb-a428-4611-b31f-d36d0c497931,Physiological Psychology Week 3 Part 3,01/23/2022,00:18:28,James Bartlett,Physiological Psychology (PSYCH4065/5029) 2022-23,NA,NA,1,00:18:28,00:18:28,1,0,0,01/23/2023
faabfafb-a428-4611-b31f-d36d0c497931,Physiological Psychology Week 3 Part 3,01/23/2022,00:18:28,James Bartlett,Physiological Psychology (PSYCH4065/5029) 2022-23,NA,NA,2,00:16:20,00:08:10,2,0,0,01/23/2023
faabfafb-a428-4611-b31f-d36d0c497931,Physiological Psychology Week 3 Part 3,01/23/2022,00:18:28,James Bartlett,Physiological Psychology (PSYCH4065/5029) 2022-23,"Chanais, Rho",219616@university.ac.uk,1,00:18:17,00:18:17,1,0,0,01/25/2023
faabfafb-a428-4611-b31f-d36d0c497931,Physiological Psychology Week 3 Part 3,01/23/2022,00:18:28,James Bartlett,Physiological Psychology (PSYCH4065/5029) 2022-23,"Husnain, Real",286988@university.ac.uk,1,00:18:15,00:18:15,1,0,0,01/24/2023
faabfafb-a428-4611-b31f-d36d0c497931,Physiological Psychology Week 3 Part 3,01/23/2022,00:18:28,James Bartlett,Physiological Psychology (PSYCH4065/5029) 2022-23,"Morenike, Lokman",283206@university.ac.uk,1,00:18:21,00:18:21,1,0,0,01/24/2023
faabfafb-a428-4611-b31f-d36d0c497931,Physiological Psychology Week 3 Part 3,01/23/2022,00:18:28,James Bartlett,Physiological Psychology (PSYCH4065/5029) 2022-23,"Lotus, Mhari",288804@university.ac.uk,1,00:03:56,00:03:56,1,0,0,01/23/2023
faabfafb-a428-4611-b31f-d36d0c497931,Physiological Psychology Week 3 Part 3,01/23/2022,00:18:28,James Bartlett,Physiological Psychology (PSYCH4065/5029) 2022-23,"Lotti, Carron",228326@university.ac.uk,1,00:05:51,00:05:51,1,0,0,01/23/2023
faabfafb-a428-4611-b31f-d36d0c497931,Physiological Psychology Week 3 Part 3,01/23/2022,00:18:28,James Bartlett,Physiological Psychology (PSYCH4065/5029) 2022-23,"Sofiyah, Aydan",203388@university.ac.uk,1,00:12:56,00:12:56,1,0,0,01/25/2023
faabfafb-a428-4611-b31f-d36d0c497931,Physiological Psychology Week 3 Part 3,01/23/2022,00:18:28,James Bartlett,Physiological Psychology (PSYCH4065/5029) 2022-23,"Minal, Jena",245583@university.ac.uk,1,00:17:10,00:17:10,1,0,0,01/29/2023
faabfafb-a428-4611-b31f-d36d0c497931,Physiological Psychology Week 3 Part 3,01/23/2022,00:18:28,James Bartlett,Physiological Psychology (PSYCH4065/5029) 2022-23,"Shay, Marilyn",296417@university.ac.uk,1,00:04:49,00:04:49,1,0,0,01/26/2023
faabfafb-a428-4611-b31f-d36d0c497931,Physiological Psychology Week 3 Part 3,01/23/2022,00:18:28,James Bartlett,Physiological Psychology (PSYCH4065/5029) 2022-23,NA,NA,1,00:18:23,00:18:23,1,0,0,01/22/2023
faabfafb-a428-4611-b31f-d36d0c497931,Physiological Psychology Week 3 Part 3,01/23/2022,00:18:28,James Bartlett,Physiological Psychology (PSYCH4065/5029) 2022-23,"Clyde, Abaigeal",243285@university.ac.uk,2,00:14:28,00:07:14,2,0,0,01/30/2023
faabfafb-a428-4611-b31f-d36d0c497931,Physiological Psychology Week 3 Part 3,01/23/2022,00:18:28,James Bartlett,Physiological Psychology (PSYCH4065/5029) 2022-23,"Rhea, Leigh-Ann",204101@university.ac.uk,1,00:18:28,00:18:28,1,0,0,01/22/2023
faabfafb-a428-4611-b31f-d36d0c497931,Physiological Psychology Week 3 Part 3,01/23/2022,00:18:28,James Bartlett,Physiological Psychology (PSYCH4065/5029) 2022-23,"Tate, Martinjoseph",203692@university.ac.uk,1,00:08:10,00:08:10,1,0,0,02/01/2023
faabfafb-a428-4611-b31f-d36d0c497931,Physiological Psychology Week 3 Part 3,01/23/2022,00:18:28,James Bartlett,Physiological Psychology (PSYCH4065/5029) 2022-23,"Rhoda, Arin",251312@university.ac.uk,1,00:00:17,00:00:17,1,0,0,01/30/2023
faabfafb-a428-4611-b31f-d36d0c497931,Physiological Psychology Week 3 Part 3,01/23/2022,00:18:28,James Bartlett,Physiological Psychology (PSYCH4065/5029) 2022-23,"Dominykas, Ka-Yanne",286532@university.ac.uk,1,00:18:28,00:18:28,1,0,0,01/29/2023
faabfafb-a428-4611-b31f-d36d0c497931,Physiological Psychology Week 3 Part 3,01/23/2022,00:18:28,James Bartlett,Physiological Psychology (PSYCH4065/5029) 2022-23,"Shanice, Zarah",259026@university.ac.uk,1,00:18:28,00:18:28,1,0,0,01/24/2023
faabfafb-a428-4611-b31f-d36d0c497931,Physiological Psychology Week 3 Part 3,01/23/2022,00:18:28,James Bartlett,Physiological Psychology (PSYCH4065/5029) 2022-23,"Shawn, Jeanne",261831@university.ac.uk,1,00:14:40,00:14:40,1,0,0,02/15/2023
faabfafb-a428-4611-b31f-d36d0c497931,Physiological Psychology Week 3 Part 3,01/23/2022,00:18:28,James Bartlett,Physiological Psychology (PSYCH4065/5029) 2022-23,"Alfie-Lee, Melny",210653@university.ac.uk,1,00:15:58,00:15:58,1,0,0,01/30/2023
faabfafb-a428-4611-b31f-d36d0c497931,Physiological Psychology Week 3 Part 3,01/23/2022,00:18:28,James Bartlett,Physiological Psychology (PSYCH4065/5029) 2022-23,"Koben, Ridhwan",242122@university.ac.uk,1,00:18:26,00:18:26,1,0,0,01/22/2023
faabfafb-a428-4611-b31f-d36d0c497931,Physiological Psychology Week 3 Part 3,01/23/2022,00:18:28,James Bartlett,Physiological Psychology (PSYCH4065/5029) 2022-23,"Yagmur, Gregor",297758@university.ac.uk,1,00:18:22,00:18:22,1,0,0,01/23/2023
faabfafb-a428-4611-b31f-d36d0c497931,Physiological Psychology Week 3 Part 3,01/23/2022,00:18:28,James Bartlett,Physiological Psychology (PSYCH4065/5029) 2022-23,"Tazmeen, Masa",262056@university.ac.uk,1,00:14:53,00:14:53,1,0,0,01/23/2023
faabfafb-a428-4611-b31f-d36d0c497931,Physiological Psychology Week 3 Part 3,01/23/2022,00:18:28,James Bartlett,Physiological Psychology (PSYCH4065/5029) 2022-23,"Vedanshi, Meggan",241495@university.ac.uk,1,00:12:18,00:12:18,1,0,0,01/31/2023
faabfafb-a428-4611-b31f-d36d0c497931,Physiological Psychology Week 3 Part 3,01/23/2022,00:18:28,James Bartlett,Physiological Psychology (PSYCH4065/5029) 2022-23,"Yasser, Mccartney",202672@university.ac.uk,3,00:19:25,00:06:28,3,0,0,01/29/2023
faabfafb-a428-4611-b31f-d36d0c497931,Physiological Psychology Week 3 Part 3,01/23/2022,00:18:28,James Bartlett,Physiological Psychology (PSYCH4065/5029) 2022-23,"Munachiso, Kareen",277615@university.ac.uk,1,00:17:21,00:17:21,1,0,0,01/30/2023
faabfafb-a428-4611-b31f-d36d0c497931,Physiological Psychology Week 3 Part 3,01/23/2022,00:18:28,James Bartlett,Physiological Psychology (PSYCH4065/5029) 2022-23,"Thomas, Stirling",261894@university.ac.uk,1,00:15:49,00:15:49,1,0,0,01/23/2023
faabfafb-a428-4611-b31f-d36d0c497931,Physiological Psychology Week 3 Part 3,01/23/2022,00:18:28,James Bartlett,Physiological Psychology (PSYCH4065/5029) 2022-23,"Dea, Jamie",278888@university.ac.uk,1,00:18:18,00:18:18,1,0,0,02/02/2023
faabfafb-a428-4611-b31f-d36d0c497931,Physiological Psychology Week 3 Part 3,01/23/2022,00:18:28,James Bartlett,Physiological Psychology (PSYCH4065/5029) 2022-23,"Remy, Aili",271898@university.ac.uk,1,00:18:24,00:18:24,1,0,0,01/23/2023
faabfafb-a428-4611-b31f-d36d0c497931,Physiological Psychology Week 3 Part 3,01/23/2022,00:18:28,James Bartlett,Physiological Psychology (PSYCH4065/5029) 2022-23,"Emrys, Rabecca",252183@university.ac.uk,1,00:18:28,00:18:28,1,0,0,01/29/2023
faabfafb-a428-4611-b31f-d36d0c497931,Physiological Psychology Week 3 Part 3,01/23/2022,00:18:28,James Bartlett,Physiological Psychology (PSYCH4065/5029) 2022-23,"Celt, Emma-Jane",262280@university.ac.uk,1,00:01:19,00:01:19,1,0,0,01/23/2023
faabfafb-a428-4611-b31f-d36d0c497931,Physiological Psychology Week 3 Part 3,01/23/2022,00:18:28,James Bartlett,Physiological Psychology (PSYCH4065/5029) 2022-23,"Kwadwo, Iysla",233053@university.ac.uk,1,00:16:17,00:16:17,1,0,0,01/25/2023
faabfafb-a428-4611-b31f-d36d0c497931,Physiological Psychology Week 3 Part 3,01/23/2022,00:18:28,James Bartlett,Physiological Psychology (PSYCH4065/5029) 2022-23,"Laurelle, Breige",267934@university.ac.uk,1,00:18:26,00:18:26,1,0,0,01/29/2023
faabfafb-a428-4611-b31f-d36d0c497931,Physiological Psychology Week 3 Part 3,01/23/2022,00:18:28,James Bartlett,Physiological Psychology (PSYCH4065/5029) 2022-23,"Freya-Marie, Ga",282445@university.ac.uk,1,00:18:24,00:18:24,1,0,0,01/25/2023
faabfafb-a428-4611-b31f-d36d0c497931,Physiological Psychology Week 3 Part 3,01/23/2022,00:18:28,James Bartlett,Physiological Psychology (PSYCH4065/5029) 2022-23,"Patryk, Thanda",227686@university.ac.uk,1,00:18:22,00:18:22,1,0,0,01/29/2023
faabfafb-a428-4611-b31f-d36d0c497931,Physiological Psychology Week 3 Part 3,01/23/2022,00:18:28,James Bartlett,Physiological Psychology (PSYCH4065/5029) 2022-23,"Alexandra, Simon",261526@university.ac.uk,1,00:13:14,00:13:14,1,0,0,01/30/2023
faabfafb-a428-4611-b31f-d36d0c497931,Physiological Psychology Week 3 Part 3,01/23/2022,00:18:28,James Bartlett,Physiological Psychology (PSYCH4065/5029) 2022-23,"Truly, Tad",222194@university.ac.uk,1,00:18:28,00:18:28,1,0,0,01/25/2023
faabfafb-a428-4611-b31f-d36d0c497931,Physiological Psychology Week 3 Part 3,01/23/2022,00:18:28,James Bartlett,Physiological Psychology (PSYCH4065/5029) 2022-23,"Kael, Fidda",241490@university.ac.uk,2,00:18:50,00:09:25,2,0,0,01/23/2023
faabfafb-a428-4611-b31f-d36d0c497931,Physiological Psychology Week 3 Part 3,01/23/2022,00:18:28,James Bartlett,Physiological Psychology (PSYCH4065/5029) 2022-23,"Phillipa, Elyse",226700@university.ac.uk,2,00:20:10,00:10:05,2,0,0,01/29/2023
faabfafb-a428-4611-b31f-d36d0c497931,Physiological Psychology Week 3 Part 3,01/23/2022,00:18:28,James Bartlett,Physiological Psychology (PSYCH4065/5029) 2022-23,NA,NA,1,00:12:42,00:12:42,1,0,0,01/26/2023
faabfafb-a428-4611-b31f-d36d0c497931,Physiological Psychology Week 3 Part 3,01/23/2022,00:18:28,James Bartlett,Physiological Psychology (PSYCH4065/5029) 2022-23,"Flavio, Bushra",244652@university.ac.uk,1,00:18:28,00:18:28,1,0,0,01/26/2023
faabfafb-a428-4611-b31f-d36d0c497931,Physiological Psychology Week 3 Part 3,01/23/2022,00:18:28,James Bartlett,Physiological Psychology (PSYCH4065/5029) 2022-23,"Alecsander, Martyna",282461@university.ac.uk,1,00:18:26,00:18:26,1,0,0,01/24/2023
faabfafb-a428-4611-b31f-d36d0c497931,Physiological Psychology Week 3 Part 3,01/23/2022,00:18:28,James Bartlett,Physiological Psychology (PSYCH4065/5029) 2022-23,"Savannah, Violet",274446@university.ac.uk,1,00:17:59,00:17:59,1,0,0,01/23/2023
faabfafb-a428-4611-b31f-d36d0c497931,Physiological Psychology Week 3 Part 3,01/23/2022,00:18:28,James Bartlett,Physiological Psychology (PSYCH4065/5029) 2022-23,"Khalid, Emmanuella",270096@university.ac.uk,2,00:18:26,00:09:13,2,0,0,01/29/2023
faabfafb-a428-4611-b31f-d36d0c497931,Physiological Psychology Week 3 Part 3,01/23/2022,00:18:28,James Bartlett,Physiological Psychology (PSYCH4065/5029) 2022-23,"Cayan, Garrick",285278@university.ac.uk,1,00:18:22,00:18:22,1,0,0,01/23/2023
faabfafb-a428-4611-b31f-d36d0c497931,Physiological Psychology Week 3 Part 3,01/23/2022,00:18:28,James Bartlett,Physiological Psychology (PSYCH4065/5029) 2022-23,"Lacey-Rose, Levi",291716@university.ac.uk,1,00:18:28,00:18:28,1,0,0,01/24/2023
faabfafb-a428-4611-b31f-d36d0c497931,Physiological Psychology Week 3 Part 3,01/23/2022,00:18:28,James Bartlett,Physiological Psychology (PSYCH4065/5029) 2022-23,"Destiny, Antoinette",262346@university.ac.uk,1,00:15:45,00:15:45,1,0,0,02/06/2023
faabfafb-a428-4611-b31f-d36d0c497931,Physiological Psychology Week 3 Part 3,01/23/2022,00:18:28,James Bartlett,Physiological Psychology (PSYCH4065/5029) 2022-23,"Amarachukwu, Malcolm",249816@university.ac.uk,1,00:18:22,00:18:22,1,0,0,01/24/2023
faabfafb-a428-4611-b31f-d36d0c497931,Physiological Psychology Week 3 Part 3,01/23/2022,00:18:28,James Bartlett,Physiological Psychology (PSYCH4065/5029) 2022-23,"Aditya, Orson",285926@university.ac.uk,1,00:09:59,00:09:59,1,0,0,01/25/2023
faabfafb-a428-4611-b31f-d36d0c497931,Physiological Psychology Week 3 Part 3,01/23/2022,00:18:28,James Bartlett,Physiological Psychology (PSYCH4065/5029) 2022-23,"Kielan, Logan-James",263984@university.ac.uk,1,00:14:08,00:14:08,1,0,0,01/23/2023
faabfafb-a428-4611-b31f-d36d0c497931,Physiological Psychology Week 3 Part 3,01/23/2022,00:18:28,James Bartlett,Physiological Psychology (PSYCH4065/5029) 2022-23,"Alasdair, Agathe",264637@university.ac.uk,1,00:09:28,00:09:28,1,0,0,01/31/2023
faabfafb-a428-4611-b31f-d36d0c497931,Physiological Psychology Week 3 Part 3,01/23/2022,00:18:28,James Bartlett,Physiological Psychology (PSYCH4065/5029) 2022-23,"Haya, Nawal",237311@university.ac.uk,1,00:00:01,00:00:01,1,0,0,02/14/2023
faabfafb-a428-4611-b31f-d36d0c497931,Physiological Psychology Week 3 Part 3,01/23/2022,00:18:28,James Bartlett,Physiological Psychology (PSYCH4065/5029) 2022-23,"Jett, Aryn",208863@university.ac.uk,2,00:18:58,00:09:29,2,0,0,01/24/2023
faabfafb-a428-4611-b31f-d36d0c497931,Physiological Psychology Week 3 Part 3,01/23/2022,00:18:28,James Bartlett,Physiological Psychology (PSYCH4065/5029) 2022-23,"Narayan, Roseanne",227878@university.ac.uk,1,00:08:44,00:08:44,1,0,0,01/24/2023
faabfafb-a428-4611-b31f-d36d0c497931,Physiological Psychology Week 3 Part 3,01/23/2022,00:18:28,James Bartlett,Physiological Psychology (PSYCH4065/5029) 2022-23,"Arona, Ginny",246679@university.ac.uk,2,00:10:30,00:05:15,2,0,0,01/30/2023
faabfafb-a428-4611-b31f-d36d0c497931,Physiological Psychology Week 3 Part 3,01/23/2022,00:18:28,James Bartlett,Physiological Psychology (PSYCH4065/5029) 2022-23,"Sevyn, Kinvara",245910@university.ac.uk,3,00:24:15,00:08:05,3,0,0,02/05/2023
faabfafb-a428-4611-b31f-d36d0c497931,Physiological Psychology Week 3 Part 3,01/23/2022,00:18:28,James Bartlett,Physiological Psychology (PSYCH4065/5029) 2022-23,"Arlo, Subhanallah",221357@university.ac.uk,1,00:13:43,00:13:43,1,0,0,01/24/2023
faabfafb-a428-4611-b31f-d36d0c497931,Physiological Psychology Week 3 Part 3,01/23/2022,00:18:28,James Bartlett,Physiological Psychology (PSYCH4065/5029) 2022-23,NA,NA,1,00:16:02,00:16:02,1,0,0,01/30/2023
