media_id,media_name,create_date,duration,owner_name,course,user_name,email_address,total_views,total_view_time,average_view_time,on_demand_views,live_view_count,downloads,last_viewed
e8230516-9e2c-4ca1-b16e-0d5311b74ac4,Physiological Psychology Week 1 Part 2,01/07/2022,00:13:55,James Bartlett,Physiological Psychology (PSYCH4065/5029) 2022-23,"Ianto, Tasadduq",210396@university.ac.uk,1,00:12:20,00:12:20,1,0,0,01/16/2023
e8230516-9e2c-4ca1-b16e-0d5311b74ac4,Physiological Psychology Week 1 Part 2,01/07/2022,00:13:55,James Bartlett,Physiological Psychology (PSYCH4065/5029) 2022-23,"Alessa, Tamarah",205650@university.ac.uk,1,00:13:54,00:13:54,1,0,0,01/18/2023
e8230516-9e2c-4ca1-b16e-0d5311b74ac4,Physiological Psychology Week 1 Part 2,01/07/2022,00:13:55,James Bartlett,Physiological Psychology (PSYCH4065/5029) 2022-23,"Mary-Ann, Abdussalam",211437@university.ac.uk,1,00:13:55,00:13:55,1,0,0,01/24/2023
e8230516-9e2c-4ca1-b16e-0d5311b74ac4,Physiological Psychology Week 1 Part 2,01/07/2022,00:13:55,James Bartlett,Physiological Psychology (PSYCH4065/5029) 2022-23,"Aderyn, Cahil",298179@university.ac.uk,2,00:13:51,00:06:55,2,0,0,01/15/2023
e8230516-9e2c-4ca1-b16e-0d5311b74ac4,Physiological Psychology Week 1 Part 2,01/07/2022,00:13:55,James Bartlett,Physiological Psychology (PSYCH4065/5029) 2022-23,"Blane, Mitchel",242194@university.ac.uk,1,00:13:54,00:13:54,1,0,0,01/16/2023
e8230516-9e2c-4ca1-b16e-0d5311b74ac4,Physiological Psychology Week 1 Part 2,01/07/2022,00:13:55,James Bartlett,Physiological Psychology (PSYCH4065/5029) 2022-23,"Rosetta, Glenn",260819@university.ac.uk,1,00:12:27,00:12:27,1,0,0,01/17/2023
e8230516-9e2c-4ca1-b16e-0d5311b74ac4,Physiological Psychology Week 1 Part 2,01/07/2022,00:13:55,James Bartlett,Physiological Psychology (PSYCH4065/5029) 2022-23,"Paulina, Iza",215166@university.ac.uk,2,00:13:01,00:06:30,2,0,0,01/10/2023
e8230516-9e2c-4ca1-b16e-0d5311b74ac4,Physiological Psychology Week 1 Part 2,01/07/2022,00:13:55,James Bartlett,Physiological Psychology (PSYCH4065/5029) 2022-23,"Francisco, Lazarus",222250@university.ac.uk,1,00:13:54,00:13:54,1,0,0,01/26/2023
e8230516-9e2c-4ca1-b16e-0d5311b74ac4,Physiological Psychology Week 1 Part 2,01/07/2022,00:13:55,James Bartlett,Physiological Psychology (PSYCH4065/5029) 2022-23,"Yashi, Khawlah",250818@university.ac.uk,1,00:13:42,00:13:42,1,0,0,01/09/2023
e8230516-9e2c-4ca1-b16e-0d5311b74ac4,Physiological Psychology Week 1 Part 2,01/07/2022,00:13:55,James Bartlett,Physiological Psychology (PSYCH4065/5029) 2022-23,"Georgia-Mai, Dyan",254982@university.ac.uk,2,00:22:42,00:11:21,2,0,0,01/11/2023
e8230516-9e2c-4ca1-b16e-0d5311b74ac4,Physiological Psychology Week 1 Part 2,01/07/2022,00:13:55,James Bartlett,Physiological Psychology (PSYCH4065/5029) 2022-23,"Ellie, Conal",238599@university.ac.uk,1,00:12:16,00:12:16,1,0,0,01/09/2023
e8230516-9e2c-4ca1-b16e-0d5311b74ac4,Physiological Psychology Week 1 Part 2,01/07/2022,00:13:55,James Bartlett,Physiological Psychology (PSYCH4065/5029) 2022-23,"Mohammud, Siun",200385@university.ac.uk,1,00:13:44,00:13:44,1,0,0,01/29/2023
e8230516-9e2c-4ca1-b16e-0d5311b74ac4,Physiological Psychology Week 1 Part 2,01/07/2022,00:13:55,James Bartlett,Physiological Psychology (PSYCH4065/5029) 2022-23,"Mubashar, Carole",205930@university.ac.uk,1,00:13:55,00:13:55,1,0,0,01/15/2023
e8230516-9e2c-4ca1-b16e-0d5311b74ac4,Physiological Psychology Week 1 Part 2,01/07/2022,00:13:55,James Bartlett,Physiological Psychology (PSYCH4065/5029) 2022-23,"Nazmul, Katie-Rose",255390@university.ac.uk,1,00:12:43,00:12:43,1,0,0,01/12/2023
e8230516-9e2c-4ca1-b16e-0d5311b74ac4,Physiological Psychology Week 1 Part 2,01/07/2022,00:13:55,James Bartlett,Physiological Psychology (PSYCH4065/5029) 2022-23,"Krisha, Augustyn",273952@university.ac.uk,1,00:12:18,00:12:18,1,0,0,01/11/2023
e8230516-9e2c-4ca1-b16e-0d5311b74ac4,Physiological Psychology Week 1 Part 2,01/07/2022,00:13:55,James Bartlett,Physiological Psychology (PSYCH4065/5029) 2022-23,"Pratik, Koda",274616@university.ac.uk,2,00:13:55,00:06:57,2,0,0,01/10/2023
e8230516-9e2c-4ca1-b16e-0d5311b74ac4,Physiological Psychology Week 1 Part 2,01/07/2022,00:13:55,James Bartlett,Physiological Psychology (PSYCH4065/5029) 2022-23,"Letitia, Kade",289813@university.ac.uk,1,00:13:50,00:13:50,1,0,0,01/13/2023
e8230516-9e2c-4ca1-b16e-0d5311b74ac4,Physiological Psychology Week 1 Part 2,01/07/2022,00:13:55,James Bartlett,Physiological Psychology (PSYCH4065/5029) 2022-23,"Leone, Sadie",290988@university.ac.uk,1,00:11:49,00:11:49,1,0,0,01/16/2023
e8230516-9e2c-4ca1-b16e-0d5311b74ac4,Physiological Psychology Week 1 Part 2,01/07/2022,00:13:55,James Bartlett,Physiological Psychology (PSYCH4065/5029) 2022-23,"Dalia, Alix",299716@university.ac.uk,2,00:25:58,00:12:59,2,0,0,01/25/2023
e8230516-9e2c-4ca1-b16e-0d5311b74ac4,Physiological Psychology Week 1 Part 2,01/07/2022,00:13:55,James Bartlett,Physiological Psychology (PSYCH4065/5029) 2022-23,"Kennedi, Sergio",207605@university.ac.uk,2,00:12:27,00:06:13,2,0,0,01/19/2023
e8230516-9e2c-4ca1-b16e-0d5311b74ac4,Physiological Psychology Week 1 Part 2,01/07/2022,00:13:55,James Bartlett,Physiological Psychology (PSYCH4065/5029) 2022-23,"Charlie-Jay, Debbie-Jo",274165@university.ac.uk,1,00:13:50,00:13:50,1,0,0,01/31/2023
e8230516-9e2c-4ca1-b16e-0d5311b74ac4,Physiological Psychology Week 1 Part 2,01/07/2022,00:13:55,James Bartlett,Physiological Psychology (PSYCH4065/5029) 2022-23,"Darcy, Roux",223986@university.ac.uk,1,00:00:12,00:00:12,1,0,0,02/04/2023
e8230516-9e2c-4ca1-b16e-0d5311b74ac4,Physiological Psychology Week 1 Part 2,01/07/2022,00:13:55,James Bartlett,Physiological Psychology (PSYCH4065/5029) 2022-23,"Varsha, Airlie",207496@university.ac.uk,2,00:14:11,00:07:05,2,0,0,01/14/2023
e8230516-9e2c-4ca1-b16e-0d5311b74ac4,Physiological Psychology Week 1 Part 2,01/07/2022,00:13:55,James Bartlett,Physiological Psychology (PSYCH4065/5029) 2022-23,"Barbara, Yonas",279971@university.ac.uk,2,00:14:11,00:07:05,2,0,0,01/15/2023
e8230516-9e2c-4ca1-b16e-0d5311b74ac4,Physiological Psychology Week 1 Part 2,01/07/2022,00:13:55,James Bartlett,Physiological Psychology (PSYCH4065/5029) 2022-23,"Lena, Ellie-Mae",234052@university.ac.uk,1,00:12:50,00:12:50,1,0,0,01/10/2023
e8230516-9e2c-4ca1-b16e-0d5311b74ac4,Physiological Psychology Week 1 Part 2,01/07/2022,00:13:55,James Bartlett,Physiological Psychology (PSYCH4065/5029) 2022-23,"Antonin, Ruri",282940@university.ac.uk,1,00:13:42,00:13:42,1,0,0,01/13/2023
e8230516-9e2c-4ca1-b16e-0d5311b74ac4,Physiological Psychology Week 1 Part 2,01/07/2022,00:13:55,James Bartlett,Physiological Psychology (PSYCH4065/5029) 2022-23,"Gelila, Wilhelm",217609@university.ac.uk,2,00:13:55,00:06:57,2,0,0,01/09/2023
e8230516-9e2c-4ca1-b16e-0d5311b74ac4,Physiological Psychology Week 1 Part 2,01/07/2022,00:13:55,James Bartlett,Physiological Psychology (PSYCH4065/5029) 2022-23,"Krishan, Caley",283757@university.ac.uk,1,00:13:54,00:13:54,1,0,0,01/11/2023
e8230516-9e2c-4ca1-b16e-0d5311b74ac4,Physiological Psychology Week 1 Part 2,01/07/2022,00:13:55,James Bartlett,Physiological Psychology (PSYCH4065/5029) 2022-23,"Berenice, Heloise",256570@university.ac.uk,1,00:13:55,00:13:55,1,0,0,01/16/2023
e8230516-9e2c-4ca1-b16e-0d5311b74ac4,Physiological Psychology Week 1 Part 2,01/07/2022,00:13:55,James Bartlett,Physiological Psychology (PSYCH4065/5029) 2022-23,"Quade, Mahjabeen",267333@university.ac.uk,1,00:13:29,00:13:29,1,0,0,01/20/2023
e8230516-9e2c-4ca1-b16e-0d5311b74ac4,Physiological Psychology Week 1 Part 2,01/07/2022,00:13:55,James Bartlett,Physiological Psychology (PSYCH4065/5029) 2022-23,"Taylor-James, Savannah-Jane",299663@university.ac.uk,1,00:12:35,00:12:35,1,0,0,01/10/2023
e8230516-9e2c-4ca1-b16e-0d5311b74ac4,Physiological Psychology Week 1 Part 2,01/07/2022,00:13:55,James Bartlett,Physiological Psychology (PSYCH4065/5029) 2022-23,"Rick, Kaeran",269853@university.ac.uk,1,00:13:54,00:13:54,1,0,0,01/10/2023
e8230516-9e2c-4ca1-b16e-0d5311b74ac4,Physiological Psychology Week 1 Part 2,01/07/2022,00:13:55,James Bartlett,Physiological Psychology (PSYCH4065/5029) 2022-23,"Patryk, Laurn",229798@university.ac.uk,1,00:13:51,00:13:51,1,0,0,01/11/2023
e8230516-9e2c-4ca1-b16e-0d5311b74ac4,Physiological Psychology Week 1 Part 2,01/07/2022,00:13:55,James Bartlett,Physiological Psychology (PSYCH4065/5029) 2022-23,"Shaan, Lisa-Anne",246567@university.ac.uk,1,00:13:55,00:13:55,1,0,0,01/15/2023
e8230516-9e2c-4ca1-b16e-0d5311b74ac4,Physiological Psychology Week 1 Part 2,01/07/2022,00:13:55,James Bartlett,Physiological Psychology (PSYCH4065/5029) 2022-23,"Gibril, Gurdas",252103@university.ac.uk,2,00:13:56,00:06:58,2,0,0,01/11/2023
e8230516-9e2c-4ca1-b16e-0d5311b74ac4,Physiological Psychology Week 1 Part 2,01/07/2022,00:13:55,James Bartlett,Physiological Psychology (PSYCH4065/5029) 2022-23,"Nikolas, Lilah",236216@university.ac.uk,1,00:13:55,00:13:55,1,0,0,01/11/2023
e8230516-9e2c-4ca1-b16e-0d5311b74ac4,Physiological Psychology Week 1 Part 2,01/07/2022,00:13:55,James Bartlett,Physiological Psychology (PSYCH4065/5029) 2022-23,"Tasnim, Elly",272236@university.ac.uk,2,00:13:55,00:06:57,2,0,0,01/16/2023
e8230516-9e2c-4ca1-b16e-0d5311b74ac4,Physiological Psychology Week 1 Part 2,01/07/2022,00:13:55,James Bartlett,Physiological Psychology (PSYCH4065/5029) 2022-23,"Regan, Nifemi",217780@university.ac.uk,1,00:13:49,00:13:49,1,0,0,01/10/2023
e8230516-9e2c-4ca1-b16e-0d5311b74ac4,Physiological Psychology Week 1 Part 2,01/07/2022,00:13:55,James Bartlett,Physiological Psychology (PSYCH4065/5029) 2022-23,"Yaqoob, Justyn",219167@university.ac.uk,3,00:14:37,00:04:52,3,0,0,01/31/2023
e8230516-9e2c-4ca1-b16e-0d5311b74ac4,Physiological Psychology Week 1 Part 2,01/07/2022,00:13:55,James Bartlett,Physiological Psychology (PSYCH4065/5029) 2022-23,"Kaydon-Jay, Theoharis",292941@university.ac.uk,1,00:13:51,00:13:51,1,0,0,01/18/2023
e8230516-9e2c-4ca1-b16e-0d5311b74ac4,Physiological Psychology Week 1 Part 2,01/07/2022,00:13:55,James Bartlett,Physiological Psychology (PSYCH4065/5029) 2022-23,"Nehir, Neale",290720@university.ac.uk,1,00:13:28,00:13:28,1,0,0,01/16/2023
e8230516-9e2c-4ca1-b16e-0d5311b74ac4,Physiological Psychology Week 1 Part 2,01/07/2022,00:13:55,James Bartlett,Physiological Psychology (PSYCH4065/5029) 2022-23,"Keylee, Gianna",270459@university.ac.uk,1,00:12:59,00:12:59,1,0,0,01/17/2023
e8230516-9e2c-4ca1-b16e-0d5311b74ac4,Physiological Psychology Week 1 Part 2,01/07/2022,00:13:55,James Bartlett,Physiological Psychology (PSYCH4065/5029) 2022-23,"Adeola, Carsson",220056@university.ac.uk,1,00:11:57,00:11:57,1,0,0,01/13/2023
e8230516-9e2c-4ca1-b16e-0d5311b74ac4,Physiological Psychology Week 1 Part 2,01/07/2022,00:13:55,James Bartlett,Physiological Psychology (PSYCH4065/5029) 2022-23,"Leyland, Ka",258713@university.ac.uk,1,00:13:55,00:13:55,1,0,0,01/16/2023
e8230516-9e2c-4ca1-b16e-0d5311b74ac4,Physiological Psychology Week 1 Part 2,01/07/2022,00:13:55,James Bartlett,Physiological Psychology (PSYCH4065/5029) 2022-23,"Reid, Paighton",212579@university.ac.uk,1,00:13:55,00:13:55,1,0,0,01/11/2023
e8230516-9e2c-4ca1-b16e-0d5311b74ac4,Physiological Psychology Week 1 Part 2,01/07/2022,00:13:55,James Bartlett,Physiological Psychology (PSYCH4065/5029) 2022-23,"Jouri, Dyan",282176@university.ac.uk,1,00:13:04,00:13:04,1,0,0,01/15/2023
e8230516-9e2c-4ca1-b16e-0d5311b74ac4,Physiological Psychology Week 1 Part 2,01/07/2022,00:13:55,James Bartlett,Physiological Psychology (PSYCH4065/5029) 2022-23,"Jasmina, Gillies",287287@university.ac.uk,1,00:13:54,00:13:54,1,0,0,01/18/2023
e8230516-9e2c-4ca1-b16e-0d5311b74ac4,Physiological Psychology Week 1 Part 2,01/07/2022,00:13:55,James Bartlett,Physiological Psychology (PSYCH4065/5029) 2022-23,"Finnley, Bilal",298491@university.ac.uk,1,00:10:21,00:10:21,1,0,0,01/16/2023
e8230516-9e2c-4ca1-b16e-0d5311b74ac4,Physiological Psychology Week 1 Part 2,01/07/2022,00:13:55,James Bartlett,Physiological Psychology (PSYCH4065/5029) 2022-23,"Fatehveer, Kirstan",240507@university.ac.uk,1,00:13:54,00:13:54,1,0,0,01/17/2023
e8230516-9e2c-4ca1-b16e-0d5311b74ac4,Physiological Psychology Week 1 Part 2,01/07/2022,00:13:55,James Bartlett,Physiological Psychology (PSYCH4065/5029) 2022-23,"Anthonie, Syma",272666@university.ac.uk,1,00:13:25,00:13:25,1,0,0,01/27/2023
e8230516-9e2c-4ca1-b16e-0d5311b74ac4,Physiological Psychology Week 1 Part 2,01/07/2022,00:13:55,James Bartlett,Physiological Psychology (PSYCH4065/5029) 2022-23,"Tonisha, Zico",227026@university.ac.uk,1,00:00:12,00:00:12,1,0,0,01/15/2023
e8230516-9e2c-4ca1-b16e-0d5311b74ac4,Physiological Psychology Week 1 Part 2,01/07/2022,00:13:55,James Bartlett,Physiological Psychology (PSYCH4065/5029) 2022-23,"Nazira, Alyshea",210025@university.ac.uk,2,00:13:47,00:06:53,2,0,0,01/26/2023
e8230516-9e2c-4ca1-b16e-0d5311b74ac4,Physiological Psychology Week 1 Part 2,01/07/2022,00:13:55,James Bartlett,Physiological Psychology (PSYCH4065/5029) 2022-23,"Cameron, Ashlin",268438@university.ac.uk,1,00:13:55,00:13:55,1,0,0,02/05/2023
e8230516-9e2c-4ca1-b16e-0d5311b74ac4,Physiological Psychology Week 1 Part 2,01/07/2022,00:13:55,James Bartlett,Physiological Psychology (PSYCH4065/5029) 2022-23,"Jermaine, Hishaam",257295@university.ac.uk,1,00:12:09,00:12:09,1,0,0,01/10/2023
e8230516-9e2c-4ca1-b16e-0d5311b74ac4,Physiological Psychology Week 1 Part 2,01/07/2022,00:13:55,James Bartlett,Physiological Psychology (PSYCH4065/5029) 2022-23,"Marlena, Koa",226991@university.ac.uk,1,00:11:10,00:11:10,1,0,0,01/13/2023
e8230516-9e2c-4ca1-b16e-0d5311b74ac4,Physiological Psychology Week 1 Part 2,01/07/2022,00:13:55,James Bartlett,Physiological Psychology (PSYCH4065/5029) 2022-23,"Django, Emaan",241548@university.ac.uk,1,00:13:54,00:13:54,1,0,0,01/17/2023
e8230516-9e2c-4ca1-b16e-0d5311b74ac4,Physiological Psychology Week 1 Part 2,01/07/2022,00:13:55,James Bartlett,Physiological Psychology (PSYCH4065/5029) 2022-23,NA,NA,1,00:03:10,00:03:10,1,0,0,01/15/2023
e8230516-9e2c-4ca1-b16e-0d5311b74ac4,Physiological Psychology Week 1 Part 2,01/07/2022,00:13:55,James Bartlett,Physiological Psychology (PSYCH4065/5029) 2022-23,"Samreen, Minnie",289892@university.ac.uk,2,00:12:39,00:06:19,2,0,0,01/09/2023
e8230516-9e2c-4ca1-b16e-0d5311b74ac4,Physiological Psychology Week 1 Part 2,01/07/2022,00:13:55,James Bartlett,Physiological Psychology (PSYCH4065/5029) 2022-23,"Shloimy, Amanjoht",212607@university.ac.uk,1,00:00:55,00:00:55,1,0,0,01/23/2023
e8230516-9e2c-4ca1-b16e-0d5311b74ac4,Physiological Psychology Week 1 Part 2,01/07/2022,00:13:55,James Bartlett,Physiological Psychology (PSYCH4065/5029) 2022-23,"Cheyenne, Karys",255089@university.ac.uk,1,00:12:16,00:12:16,1,0,0,01/20/2023
e8230516-9e2c-4ca1-b16e-0d5311b74ac4,Physiological Psychology Week 1 Part 2,01/07/2022,00:13:55,James Bartlett,Physiological Psychology (PSYCH4065/5029) 2022-23,"Matteo, Carolynne",283151@university.ac.uk,4,00:15:11,00:03:47,4,0,0,01/15/2023
e8230516-9e2c-4ca1-b16e-0d5311b74ac4,Physiological Psychology Week 1 Part 2,01/07/2022,00:13:55,James Bartlett,Physiological Psychology (PSYCH4065/5029) 2022-23,"Guled, Crystal",228588@university.ac.uk,1,00:13:54,00:13:54,1,0,0,01/10/2023
e8230516-9e2c-4ca1-b16e-0d5311b74ac4,Physiological Psychology Week 1 Part 2,01/07/2022,00:13:55,James Bartlett,Physiological Psychology (PSYCH4065/5029) 2022-23,"Saajan, Colbie",202310@university.ac.uk,1,00:00:17,00:00:17,1,0,0,01/17/2023
e8230516-9e2c-4ca1-b16e-0d5311b74ac4,Physiological Psychology Week 1 Part 2,01/07/2022,00:13:55,James Bartlett,Physiological Psychology (PSYCH4065/5029) 2022-23,"Clarissa, Derrick",205763@university.ac.uk,2,00:22:43,00:11:21,2,0,0,01/16/2023
e8230516-9e2c-4ca1-b16e-0d5311b74ac4,Physiological Psychology Week 1 Part 2,01/07/2022,00:13:55,James Bartlett,Physiological Psychology (PSYCH4065/5029) 2022-23,"Hanah, Thea",281610@university.ac.uk,1,00:07:17,00:07:17,1,0,0,01/10/2023
e8230516-9e2c-4ca1-b16e-0d5311b74ac4,Physiological Psychology Week 1 Part 2,01/07/2022,00:13:55,James Bartlett,Physiological Psychology (PSYCH4065/5029) 2022-23,"Paul, Loryn",286491@university.ac.uk,1,00:13:55,00:13:55,1,0,0,01/16/2023
e8230516-9e2c-4ca1-b16e-0d5311b74ac4,Physiological Psychology Week 1 Part 2,01/07/2022,00:13:55,James Bartlett,Physiological Psychology (PSYCH4065/5029) 2022-23,"Kez, Charlotte",211530@university.ac.uk,1,00:12:32,00:12:32,1,0,0,01/10/2023
e8230516-9e2c-4ca1-b16e-0d5311b74ac4,Physiological Psychology Week 1 Part 2,01/07/2022,00:13:55,James Bartlett,Physiological Psychology (PSYCH4065/5029) 2022-23,"Sirac, Aliona",271856@university.ac.uk,1,00:13:53,00:13:53,1,0,0,01/16/2023
e8230516-9e2c-4ca1-b16e-0d5311b74ac4,Physiological Psychology Week 1 Part 2,01/07/2022,00:13:55,James Bartlett,Physiological Psychology (PSYCH4065/5029) 2022-23,"Hamida, Keyvan",270437@university.ac.uk,2,00:14:24,00:07:12,2,0,0,01/12/2023
e8230516-9e2c-4ca1-b16e-0d5311b74ac4,Physiological Psychology Week 1 Part 2,01/07/2022,00:13:55,James Bartlett,Physiological Psychology (PSYCH4065/5029) 2022-23,"Alba, Neave",254456@university.ac.uk,2,00:02:18,00:01:09,2,0,0,01/29/2023
e8230516-9e2c-4ca1-b16e-0d5311b74ac4,Physiological Psychology Week 1 Part 2,01/07/2022,00:13:55,James Bartlett,Physiological Psychology (PSYCH4065/5029) 2022-23,"Seyma, Rajan",238572@university.ac.uk,2,00:14:54,00:07:27,2,0,0,01/16/2023
e8230516-9e2c-4ca1-b16e-0d5311b74ac4,Physiological Psychology Week 1 Part 2,01/07/2022,00:13:55,James Bartlett,Physiological Psychology (PSYCH4065/5029) 2022-23,"Nichole, Dezl",217087@university.ac.uk,1,00:13:54,00:13:54,1,0,0,01/09/2023
e8230516-9e2c-4ca1-b16e-0d5311b74ac4,Physiological Psychology Week 1 Part 2,01/07/2022,00:13:55,James Bartlett,Physiological Psychology (PSYCH4065/5029) 2022-23,"August, Audrey",251850@university.ac.uk,1,00:12:54,00:12:54,1,0,0,01/10/2023
e8230516-9e2c-4ca1-b16e-0d5311b74ac4,Physiological Psychology Week 1 Part 2,01/07/2022,00:13:55,James Bartlett,Physiological Psychology (PSYCH4065/5029) 2022-23,"Yashil, Gisli",201354@university.ac.uk,1,00:13:13,00:13:13,1,0,0,01/16/2023
e8230516-9e2c-4ca1-b16e-0d5311b74ac4,Physiological Psychology Week 1 Part 2,01/07/2022,00:13:55,James Bartlett,Physiological Psychology (PSYCH4065/5029) 2022-23,"Amaanah, Kathleenann",213734@university.ac.uk,1,00:13:54,00:13:54,1,0,0,01/29/2023
e8230516-9e2c-4ca1-b16e-0d5311b74ac4,Physiological Psychology Week 1 Part 2,01/07/2022,00:13:55,James Bartlett,Physiological Psychology (PSYCH4065/5029) 2022-23,"Lucca, Jock",299226@university.ac.uk,1,00:13:53,00:13:53,1,0,0,01/10/2023
e8230516-9e2c-4ca1-b16e-0d5311b74ac4,Physiological Psychology Week 1 Part 2,01/07/2022,00:13:55,James Bartlett,Physiological Psychology (PSYCH4065/5029) 2022-23,"Moyosoreoluwa, Harmanveer",229233@university.ac.uk,1,00:13:51,00:13:51,1,0,0,01/15/2023
e8230516-9e2c-4ca1-b16e-0d5311b74ac4,Physiological Psychology Week 1 Part 2,01/07/2022,00:13:55,James Bartlett,Physiological Psychology (PSYCH4065/5029) 2022-23,"Zacchaeus, John",226977@university.ac.uk,2,00:13:56,00:06:58,2,0,0,01/12/2023
e8230516-9e2c-4ca1-b16e-0d5311b74ac4,Physiological Psychology Week 1 Part 2,01/07/2022,00:13:55,James Bartlett,Physiological Psychology (PSYCH4065/5029) 2022-23,"Guto, Shonaidh",245933@university.ac.uk,1,00:13:51,00:13:51,1,0,0,01/16/2023
e8230516-9e2c-4ca1-b16e-0d5311b74ac4,Physiological Psychology Week 1 Part 2,01/07/2022,00:13:55,James Bartlett,Physiological Psychology (PSYCH4065/5029) 2022-23,"Leif, Kash",249780@university.ac.uk,1,00:13:55,00:13:55,1,0,0,01/25/2023
e8230516-9e2c-4ca1-b16e-0d5311b74ac4,Physiological Psychology Week 1 Part 2,01/07/2022,00:13:55,James Bartlett,Physiological Psychology (PSYCH4065/5029) 2022-23,"Frederico, Esra",281979@university.ac.uk,2,00:12:57,00:06:28,2,0,0,01/22/2023
e8230516-9e2c-4ca1-b16e-0d5311b74ac4,Physiological Psychology Week 1 Part 2,01/07/2022,00:13:55,James Bartlett,Physiological Psychology (PSYCH4065/5029) 2022-23,"Thamim, Andy",226506@university.ac.uk,1,00:13:54,00:13:54,1,0,0,01/14/2023
e8230516-9e2c-4ca1-b16e-0d5311b74ac4,Physiological Psychology Week 1 Part 2,01/07/2022,00:13:55,James Bartlett,Physiological Psychology (PSYCH4065/5029) 2022-23,"Sevgi, Ryan",291341@university.ac.uk,1,00:13:55,00:13:55,1,0,0,02/09/2023
e8230516-9e2c-4ca1-b16e-0d5311b74ac4,Physiological Psychology Week 1 Part 2,01/07/2022,00:13:55,James Bartlett,Physiological Psychology (PSYCH4065/5029) 2022-23,"Zamin, Ruaidhri",218989@university.ac.uk,1,00:13:50,00:13:50,1,0,0,01/15/2023
e8230516-9e2c-4ca1-b16e-0d5311b74ac4,Physiological Psychology Week 1 Part 2,01/07/2022,00:13:55,James Bartlett,Physiological Psychology (PSYCH4065/5029) 2022-23,"Caspian, Suzanne",290202@university.ac.uk,1,00:07:08,00:07:08,1,0,0,01/16/2023
e8230516-9e2c-4ca1-b16e-0d5311b74ac4,Physiological Psychology Week 1 Part 2,01/07/2022,00:13:55,James Bartlett,Physiological Psychology (PSYCH4065/5029) 2022-23,"Mackenzie, Esmae",207464@university.ac.uk,1,00:13:54,00:13:54,1,0,0,01/13/2023
e8230516-9e2c-4ca1-b16e-0d5311b74ac4,Physiological Psychology Week 1 Part 2,01/07/2022,00:13:55,James Bartlett,Physiological Psychology (PSYCH4065/5029) 2022-23,"Poppy-Jane, Geoff",267057@university.ac.uk,1,00:11:40,00:11:40,1,0,0,01/23/2023
e8230516-9e2c-4ca1-b16e-0d5311b74ac4,Physiological Psychology Week 1 Part 2,01/07/2022,00:13:55,James Bartlett,Physiological Psychology (PSYCH4065/5029) 2022-23,NA,NA,2,00:12:56,00:06:28,2,0,0,01/10/2023
e8230516-9e2c-4ca1-b16e-0d5311b74ac4,Physiological Psychology Week 1 Part 2,01/07/2022,00:13:55,James Bartlett,Physiological Psychology (PSYCH4065/5029) 2022-23,"Denise, Rani",232275@university.ac.uk,1,00:12:07,00:12:07,1,0,0,01/10/2023
e8230516-9e2c-4ca1-b16e-0d5311b74ac4,Physiological Psychology Week 1 Part 2,01/07/2022,00:13:55,James Bartlett,Physiological Psychology (PSYCH4065/5029) 2022-23,"Allannah, Amel",297787@university.ac.uk,1,00:13:55,00:13:55,1,0,0,01/09/2023
e8230516-9e2c-4ca1-b16e-0d5311b74ac4,Physiological Psychology Week 1 Part 2,01/07/2022,00:13:55,James Bartlett,Physiological Psychology (PSYCH4065/5029) 2022-23,"Kasparas, Piers",293868@university.ac.uk,2,00:12:32,00:06:16,2,0,0,01/13/2023
e8230516-9e2c-4ca1-b16e-0d5311b74ac4,Physiological Psychology Week 1 Part 2,01/07/2022,00:13:55,James Bartlett,Physiological Psychology (PSYCH4065/5029) 2022-23,"Omed, Enas",250056@university.ac.uk,3,00:15:46,00:05:15,3,0,0,01/16/2023
e8230516-9e2c-4ca1-b16e-0d5311b74ac4,Physiological Psychology Week 1 Part 2,01/07/2022,00:13:55,James Bartlett,Physiological Psychology (PSYCH4065/5029) 2022-23,"Keana, Tsui",235960@university.ac.uk,1,00:13:55,00:13:55,1,0,0,01/15/2023
e8230516-9e2c-4ca1-b16e-0d5311b74ac4,Physiological Psychology Week 1 Part 2,01/07/2022,00:13:55,James Bartlett,Physiological Psychology (PSYCH4065/5029) 2022-23,"Eithan, Carissa",241302@university.ac.uk,2,00:15:09,00:07:34,2,0,0,02/01/2023
e8230516-9e2c-4ca1-b16e-0d5311b74ac4,Physiological Psychology Week 1 Part 2,01/07/2022,00:13:55,James Bartlett,Physiological Psychology (PSYCH4065/5029) 2022-23,"Ellie-Leigh, Sacson",282417@university.ac.uk,3,00:27:31,00:09:10,3,0,0,01/31/2023
e8230516-9e2c-4ca1-b16e-0d5311b74ac4,Physiological Psychology Week 1 Part 2,01/07/2022,00:13:55,James Bartlett,Physiological Psychology (PSYCH4065/5029) 2022-23,"Cher, Lynnet",270905@university.ac.uk,1,00:13:26,00:13:26,1,0,0,01/11/2023
e8230516-9e2c-4ca1-b16e-0d5311b74ac4,Physiological Psychology Week 1 Part 2,01/07/2022,00:13:55,James Bartlett,Physiological Psychology (PSYCH4065/5029) 2022-23,"Janine, Sunita",268612@university.ac.uk,1,00:13:53,00:13:53,1,0,0,01/31/2023
e8230516-9e2c-4ca1-b16e-0d5311b74ac4,Physiological Psychology Week 1 Part 2,01/07/2022,00:13:55,James Bartlett,Physiological Psychology (PSYCH4065/5029) 2022-23,"Fraser, Mhairi-Anne",279471@university.ac.uk,1,00:13:55,00:13:55,1,0,0,01/15/2023
e8230516-9e2c-4ca1-b16e-0d5311b74ac4,Physiological Psychology Week 1 Part 2,01/07/2022,00:13:55,James Bartlett,Physiological Psychology (PSYCH4065/5029) 2022-23,"Khalilah, Kurtis-Derry",200397@university.ac.uk,1,00:12:55,00:12:55,1,0,0,01/11/2023
e8230516-9e2c-4ca1-b16e-0d5311b74ac4,Physiological Psychology Week 1 Part 2,01/07/2022,00:13:55,James Bartlett,Physiological Psychology (PSYCH4065/5029) 2022-23,NA,NA,1,00:00:30,00:00:30,1,0,0,01/14/2023
e8230516-9e2c-4ca1-b16e-0d5311b74ac4,Physiological Psychology Week 1 Part 2,01/07/2022,00:13:55,James Bartlett,Physiological Psychology (PSYCH4065/5029) 2022-23,"Hizar, Antoni",258458@university.ac.uk,3,00:14:25,00:04:48,3,0,0,01/26/2023
e8230516-9e2c-4ca1-b16e-0d5311b74ac4,Physiological Psychology Week 1 Part 2,01/07/2022,00:13:55,James Bartlett,Physiological Psychology (PSYCH4065/5029) 2022-23,"Muhamed, Ashtyn",251898@university.ac.uk,1,00:13:44,00:13:44,1,0,0,01/13/2023
e8230516-9e2c-4ca1-b16e-0d5311b74ac4,Physiological Psychology Week 1 Part 2,01/07/2022,00:13:55,James Bartlett,Physiological Psychology (PSYCH4065/5029) 2022-23,"Laith, Amber-Louise",247526@university.ac.uk,1,00:13:54,00:13:54,1,0,0,01/18/2023
e8230516-9e2c-4ca1-b16e-0d5311b74ac4,Physiological Psychology Week 1 Part 2,01/07/2022,00:13:55,James Bartlett,Physiological Psychology (PSYCH4065/5029) 2022-23,"Marco, Feroz",279302@university.ac.uk,1,00:13:51,00:13:51,1,0,0,01/24/2023
e8230516-9e2c-4ca1-b16e-0d5311b74ac4,Physiological Psychology Week 1 Part 2,01/07/2022,00:13:55,James Bartlett,Physiological Psychology (PSYCH4065/5029) 2022-23,"Saihaan, Lia",285404@university.ac.uk,1,00:13:54,00:13:54,1,0,0,01/14/2023
e8230516-9e2c-4ca1-b16e-0d5311b74ac4,Physiological Psychology Week 1 Part 2,01/07/2022,00:13:55,James Bartlett,Physiological Psychology (PSYCH4065/5029) 2022-23,"Archie-Thomas, Jageet",255420@university.ac.uk,1,00:13:53,00:13:53,1,0,0,01/16/2023
e8230516-9e2c-4ca1-b16e-0d5311b74ac4,Physiological Psychology Week 1 Part 2,01/07/2022,00:13:55,James Bartlett,Physiological Psychology (PSYCH4065/5029) 2022-23,"Jole, Roxanne",231946@university.ac.uk,1,00:13:54,00:13:54,1,0,0,01/18/2023
e8230516-9e2c-4ca1-b16e-0d5311b74ac4,Physiological Psychology Week 1 Part 2,01/07/2022,00:13:55,James Bartlett,Physiological Psychology (PSYCH4065/5029) 2022-23,"Pavandeep, Jordan",240433@university.ac.uk,4,00:12:16,00:03:04,4,0,0,01/13/2023
e8230516-9e2c-4ca1-b16e-0d5311b74ac4,Physiological Psychology Week 1 Part 2,01/07/2022,00:13:55,James Bartlett,Physiological Psychology (PSYCH4065/5029) 2022-23,"Dillion, Jago",214486@university.ac.uk,1,00:13:53,00:13:53,1,0,0,01/11/2023
e8230516-9e2c-4ca1-b16e-0d5311b74ac4,Physiological Psychology Week 1 Part 2,01/07/2022,00:13:55,James Bartlett,Physiological Psychology (PSYCH4065/5029) 2022-23,"Kacie-Leigh, Stasia",210664@university.ac.uk,1,00:13:55,00:13:55,1,0,0,01/12/2023
e8230516-9e2c-4ca1-b16e-0d5311b74ac4,Physiological Psychology Week 1 Part 2,01/07/2022,00:13:55,James Bartlett,Physiological Psychology (PSYCH4065/5029) 2022-23,"Amaal, Arti",200154@university.ac.uk,1,00:12:45,00:12:45,1,0,0,01/09/2023
e8230516-9e2c-4ca1-b16e-0d5311b74ac4,Physiological Psychology Week 1 Part 2,01/07/2022,00:13:55,James Bartlett,Physiological Psychology (PSYCH4065/5029) 2022-23,"Logen, Monica",266246@university.ac.uk,3,00:15:41,00:05:13,3,0,0,01/13/2023
e8230516-9e2c-4ca1-b16e-0d5311b74ac4,Physiological Psychology Week 1 Part 2,01/07/2022,00:13:55,James Bartlett,Physiological Psychology (PSYCH4065/5029) 2022-23,NA,NA,1,00:12:17,00:12:17,1,0,0,01/09/2023
e8230516-9e2c-4ca1-b16e-0d5311b74ac4,Physiological Psychology Week 1 Part 2,01/07/2022,00:13:55,James Bartlett,Physiological Psychology (PSYCH4065/5029) 2022-23,"Chanais, Rho",219616@university.ac.uk,2,00:14:14,00:07:07,2,0,0,01/12/2023
e8230516-9e2c-4ca1-b16e-0d5311b74ac4,Physiological Psychology Week 1 Part 2,01/07/2022,00:13:55,James Bartlett,Physiological Psychology (PSYCH4065/5029) 2022-23,"Husnain, Real",286988@university.ac.uk,1,00:13:54,00:13:54,1,0,0,01/10/2023
e8230516-9e2c-4ca1-b16e-0d5311b74ac4,Physiological Psychology Week 1 Part 2,01/07/2022,00:13:55,James Bartlett,Physiological Psychology (PSYCH4065/5029) 2022-23,NA,NA,1,00:00:06,00:00:06,1,0,0,01/09/2023
e8230516-9e2c-4ca1-b16e-0d5311b74ac4,Physiological Psychology Week 1 Part 2,01/07/2022,00:13:55,James Bartlett,Physiological Psychology (PSYCH4065/5029) 2022-23,"Shona, Maximilian",276509@university.ac.uk,1,00:13:51,00:13:51,1,0,0,01/10/2023
e8230516-9e2c-4ca1-b16e-0d5311b74ac4,Physiological Psychology Week 1 Part 2,01/07/2022,00:13:55,James Bartlett,Physiological Psychology (PSYCH4065/5029) 2022-23,"Morenike, Lokman",283206@university.ac.uk,3,00:14:24,00:04:48,3,0,0,01/24/2023
e8230516-9e2c-4ca1-b16e-0d5311b74ac4,Physiological Psychology Week 1 Part 2,01/07/2022,00:13:55,James Bartlett,Physiological Psychology (PSYCH4065/5029) 2022-23,"Navaeh, Scott",209942@university.ac.uk,1,00:13:54,00:13:54,1,0,0,01/10/2023
e8230516-9e2c-4ca1-b16e-0d5311b74ac4,Physiological Psychology Week 1 Part 2,01/07/2022,00:13:55,James Bartlett,Physiological Psychology (PSYCH4065/5029) 2022-23,"Lotus, Mhari",288804@university.ac.uk,1,00:12:21,00:12:21,1,0,0,01/10/2023
e8230516-9e2c-4ca1-b16e-0d5311b74ac4,Physiological Psychology Week 1 Part 2,01/07/2022,00:13:55,James Bartlett,Physiological Psychology (PSYCH4065/5029) 2022-23,"Lotti, Carron",228326@university.ac.uk,1,00:06:17,00:06:17,1,0,0,01/10/2023
e8230516-9e2c-4ca1-b16e-0d5311b74ac4,Physiological Psychology Week 1 Part 2,01/07/2022,00:13:55,James Bartlett,Physiological Psychology (PSYCH4065/5029) 2022-23,"Jaydee, Catriona",204537@university.ac.uk,1,00:12:24,00:12:24,1,0,0,01/26/2023
e8230516-9e2c-4ca1-b16e-0d5311b74ac4,Physiological Psychology Week 1 Part 2,01/07/2022,00:13:55,James Bartlett,Physiological Psychology (PSYCH4065/5029) 2022-23,"Sofiyah, Aydan",203388@university.ac.uk,1,00:12:24,00:12:24,1,0,0,01/09/2023
e8230516-9e2c-4ca1-b16e-0d5311b74ac4,Physiological Psychology Week 1 Part 2,01/07/2022,00:13:55,James Bartlett,Physiological Psychology (PSYCH4065/5029) 2022-23,"Shay, Marilyn",296417@university.ac.uk,1,00:13:54,00:13:54,1,0,0,01/23/2023
e8230516-9e2c-4ca1-b16e-0d5311b74ac4,Physiological Psychology Week 1 Part 2,01/07/2022,00:13:55,James Bartlett,Physiological Psychology (PSYCH4065/5029) 2022-23,"Sai, Keli",213540@university.ac.uk,1,00:13:54,00:13:54,1,0,0,01/10/2023
e8230516-9e2c-4ca1-b16e-0d5311b74ac4,Physiological Psychology Week 1 Part 2,01/07/2022,00:13:55,James Bartlett,Physiological Psychology (PSYCH4065/5029) 2022-23,"Clyde, Abaigeal",243285@university.ac.uk,2,00:07:06,00:03:33,2,0,0,01/16/2023
e8230516-9e2c-4ca1-b16e-0d5311b74ac4,Physiological Psychology Week 1 Part 2,01/07/2022,00:13:55,James Bartlett,Physiological Psychology (PSYCH4065/5029) 2022-23,"Rhea, Leigh-Ann",204101@university.ac.uk,1,00:13:19,00:13:19,1,0,0,01/10/2023
e8230516-9e2c-4ca1-b16e-0d5311b74ac4,Physiological Psychology Week 1 Part 2,01/07/2022,00:13:55,James Bartlett,Physiological Psychology (PSYCH4065/5029) 2022-23,"Tate, Martinjoseph",203692@university.ac.uk,1,00:12:36,00:12:36,1,0,0,01/16/2023
e8230516-9e2c-4ca1-b16e-0d5311b74ac4,Physiological Psychology Week 1 Part 2,01/07/2022,00:13:55,James Bartlett,Physiological Psychology (PSYCH4065/5029) 2022-23,"Rhoda, Arin",251312@university.ac.uk,1,00:10:24,00:10:24,1,0,0,01/16/2023
e8230516-9e2c-4ca1-b16e-0d5311b74ac4,Physiological Psychology Week 1 Part 2,01/07/2022,00:13:55,James Bartlett,Physiological Psychology (PSYCH4065/5029) 2022-23,"Dominykas, Ka-Yanne",286532@university.ac.uk,2,00:13:55,00:06:57,2,0,0,01/25/2023
e8230516-9e2c-4ca1-b16e-0d5311b74ac4,Physiological Psychology Week 1 Part 2,01/07/2022,00:13:55,James Bartlett,Physiological Psychology (PSYCH4065/5029) 2022-23,"Shanice, Zarah",259026@university.ac.uk,2,00:13:55,00:06:57,2,0,0,01/14/2023
e8230516-9e2c-4ca1-b16e-0d5311b74ac4,Physiological Psychology Week 1 Part 2,01/07/2022,00:13:55,James Bartlett,Physiological Psychology (PSYCH4065/5029) 2022-23,"Shawn, Jeanne",261831@university.ac.uk,2,00:22:58,00:11:29,2,0,0,01/29/2023
e8230516-9e2c-4ca1-b16e-0d5311b74ac4,Physiological Psychology Week 1 Part 2,01/07/2022,00:13:55,James Bartlett,Physiological Psychology (PSYCH4065/5029) 2022-23,"Alfie-Lee, Melny",210653@university.ac.uk,1,00:13:54,00:13:54,1,0,0,01/16/2023
e8230516-9e2c-4ca1-b16e-0d5311b74ac4,Physiological Psychology Week 1 Part 2,01/07/2022,00:13:55,James Bartlett,Physiological Psychology (PSYCH4065/5029) 2022-23,"Koben, Ridhwan",242122@university.ac.uk,1,00:13:54,00:13:54,1,0,0,01/10/2023
e8230516-9e2c-4ca1-b16e-0d5311b74ac4,Physiological Psychology Week 1 Part 2,01/07/2022,00:13:55,James Bartlett,Physiological Psychology (PSYCH4065/5029) 2022-23,"Yagmur, Gregor",297758@university.ac.uk,1,00:13:54,00:13:54,1,0,0,01/10/2023
e8230516-9e2c-4ca1-b16e-0d5311b74ac4,Physiological Psychology Week 1 Part 2,01/07/2022,00:13:55,James Bartlett,Physiological Psychology (PSYCH4065/5029) 2022-23,"Eddison, Nadia",241142@university.ac.uk,1,00:09:40,00:09:40,1,0,0,01/09/2023
e8230516-9e2c-4ca1-b16e-0d5311b74ac4,Physiological Psychology Week 1 Part 2,01/07/2022,00:13:55,James Bartlett,Physiological Psychology (PSYCH4065/5029) 2022-23,"Kasper, Rio",276904@university.ac.uk,1,00:12:20,00:12:20,1,0,0,02/02/2023
e8230516-9e2c-4ca1-b16e-0d5311b74ac4,Physiological Psychology Week 1 Part 2,01/07/2022,00:13:55,James Bartlett,Physiological Psychology (PSYCH4065/5029) 2022-23,"Tazmeen, Masa",262056@university.ac.uk,1,00:13:22,00:13:22,1,0,0,01/09/2023
e8230516-9e2c-4ca1-b16e-0d5311b74ac4,Physiological Psychology Week 1 Part 2,01/07/2022,00:13:55,James Bartlett,Physiological Psychology (PSYCH4065/5029) 2022-23,"Vedanshi, Meggan",241495@university.ac.uk,1,00:13:54,00:13:54,1,0,0,01/11/2023
e8230516-9e2c-4ca1-b16e-0d5311b74ac4,Physiological Psychology Week 1 Part 2,01/07/2022,00:13:55,James Bartlett,Physiological Psychology (PSYCH4065/5029) 2022-23,"Nithin, Michial",296545@university.ac.uk,2,00:13:10,00:06:35,2,0,0,01/12/2023
e8230516-9e2c-4ca1-b16e-0d5311b74ac4,Physiological Psychology Week 1 Part 2,01/07/2022,00:13:55,James Bartlett,Physiological Psychology (PSYCH4065/5029) 2022-23,"Yasser, Mccartney",202672@university.ac.uk,1,00:13:54,00:13:54,1,0,0,01/23/2023
e8230516-9e2c-4ca1-b16e-0d5311b74ac4,Physiological Psychology Week 1 Part 2,01/07/2022,00:13:55,James Bartlett,Physiological Psychology (PSYCH4065/5029) 2022-23,"Caitlyn, Olwen",233221@university.ac.uk,1,00:13:05,00:13:05,1,0,0,01/11/2023
e8230516-9e2c-4ca1-b16e-0d5311b74ac4,Physiological Psychology Week 1 Part 2,01/07/2022,00:13:55,James Bartlett,Physiological Psychology (PSYCH4065/5029) 2022-23,"Munachiso, Kareen",277615@university.ac.uk,5,00:23:54,00:04:46,5,0,0,01/16/2023
e8230516-9e2c-4ca1-b16e-0d5311b74ac4,Physiological Psychology Week 1 Part 2,01/07/2022,00:13:55,James Bartlett,Physiological Psychology (PSYCH4065/5029) 2022-23,"Thomas, Stirling",261894@university.ac.uk,1,00:13:17,00:13:17,1,0,0,01/16/2023
e8230516-9e2c-4ca1-b16e-0d5311b74ac4,Physiological Psychology Week 1 Part 2,01/07/2022,00:13:55,James Bartlett,Physiological Psychology (PSYCH4065/5029) 2022-23,"Dea, Jamie",278888@university.ac.uk,1,00:13:54,00:13:54,1,0,0,01/09/2023
e8230516-9e2c-4ca1-b16e-0d5311b74ac4,Physiological Psychology Week 1 Part 2,01/07/2022,00:13:55,James Bartlett,Physiological Psychology (PSYCH4065/5029) 2022-23,"Remy, Aili",271898@university.ac.uk,1,00:13:53,00:13:53,1,0,0,01/09/2023
e8230516-9e2c-4ca1-b16e-0d5311b74ac4,Physiological Psychology Week 1 Part 2,01/07/2022,00:13:55,James Bartlett,Physiological Psychology (PSYCH4065/5029) 2022-23,"Emrys, Rabecca",252183@university.ac.uk,1,00:13:25,00:13:25,1,0,0,01/15/2023
e8230516-9e2c-4ca1-b16e-0d5311b74ac4,Physiological Psychology Week 1 Part 2,01/07/2022,00:13:55,James Bartlett,Physiological Psychology (PSYCH4065/5029) 2022-23,"Celt, Emma-Jane",262280@university.ac.uk,1,00:12:28,00:12:28,1,0,0,01/09/2023
e8230516-9e2c-4ca1-b16e-0d5311b74ac4,Physiological Psychology Week 1 Part 2,01/07/2022,00:13:55,James Bartlett,Physiological Psychology (PSYCH4065/5029) 2022-23,"Kwadwo, Iysla",233053@university.ac.uk,1,00:13:44,00:13:44,1,0,0,01/14/2023
e8230516-9e2c-4ca1-b16e-0d5311b74ac4,Physiological Psychology Week 1 Part 2,01/07/2022,00:13:55,James Bartlett,Physiological Psychology (PSYCH4065/5029) 2022-23,"Laurelle, Breige",267934@university.ac.uk,1,00:12:28,00:12:28,1,0,0,01/10/2023
e8230516-9e2c-4ca1-b16e-0d5311b74ac4,Physiological Psychology Week 1 Part 2,01/07/2022,00:13:55,James Bartlett,Physiological Psychology (PSYCH4065/5029) 2022-23,"Freya-Marie, Ga",282445@university.ac.uk,1,00:13:30,00:13:30,1,0,0,01/10/2023
e8230516-9e2c-4ca1-b16e-0d5311b74ac4,Physiological Psychology Week 1 Part 2,01/07/2022,00:13:55,James Bartlett,Physiological Psychology (PSYCH4065/5029) 2022-23,"Sydney, Seumas",257527@university.ac.uk,1,00:13:54,00:13:54,1,0,0,01/12/2023
e8230516-9e2c-4ca1-b16e-0d5311b74ac4,Physiological Psychology Week 1 Part 2,01/07/2022,00:13:55,James Bartlett,Physiological Psychology (PSYCH4065/5029) 2022-23,"Kyan, Zoie-Jane",275142@university.ac.uk,1,00:09:29,00:09:29,1,0,0,01/16/2023
e8230516-9e2c-4ca1-b16e-0d5311b74ac4,Physiological Psychology Week 1 Part 2,01/07/2022,00:13:55,James Bartlett,Physiological Psychology (PSYCH4065/5029) 2022-23,"Patryk, Thanda",227686@university.ac.uk,1,00:13:54,00:13:54,1,0,0,01/16/2023
e8230516-9e2c-4ca1-b16e-0d5311b74ac4,Physiological Psychology Week 1 Part 2,01/07/2022,00:13:55,James Bartlett,Physiological Psychology (PSYCH4065/5029) 2022-23,"Alexandra, Simon",261526@university.ac.uk,2,00:12:33,00:06:16,2,0,0,01/30/2023
e8230516-9e2c-4ca1-b16e-0d5311b74ac4,Physiological Psychology Week 1 Part 2,01/07/2022,00:13:55,James Bartlett,Physiological Psychology (PSYCH4065/5029) 2022-23,"Truly, Tad",222194@university.ac.uk,1,00:13:55,00:13:55,1,0,0,01/11/2023
e8230516-9e2c-4ca1-b16e-0d5311b74ac4,Physiological Psychology Week 1 Part 2,01/07/2022,00:13:55,James Bartlett,Physiological Psychology (PSYCH4065/5029) 2022-23,"Kael, Fidda",241490@university.ac.uk,1,00:13:51,00:13:51,1,0,0,01/17/2023
e8230516-9e2c-4ca1-b16e-0d5311b74ac4,Physiological Psychology Week 1 Part 2,01/07/2022,00:13:55,James Bartlett,Physiological Psychology (PSYCH4065/5029) 2022-23,"Phillipa, Elyse",226700@university.ac.uk,1,00:13:35,00:13:35,1,0,0,02/06/2023
e8230516-9e2c-4ca1-b16e-0d5311b74ac4,Physiological Psychology Week 1 Part 2,01/07/2022,00:13:55,James Bartlett,Physiological Psychology (PSYCH4065/5029) 2022-23,"Flavio, Bushra",244652@university.ac.uk,1,00:13:54,00:13:54,1,0,0,01/13/2023
e8230516-9e2c-4ca1-b16e-0d5311b74ac4,Physiological Psychology Week 1 Part 2,01/07/2022,00:13:55,James Bartlett,Physiological Psychology (PSYCH4065/5029) 2022-23,"Alecsander, Martyna",282461@university.ac.uk,3,00:13:57,00:04:39,3,0,0,01/11/2023
e8230516-9e2c-4ca1-b16e-0d5311b74ac4,Physiological Psychology Week 1 Part 2,01/07/2022,00:13:55,James Bartlett,Physiological Psychology (PSYCH4065/5029) 2022-23,"Savannah, Violet",274446@university.ac.uk,1,00:13:55,00:13:55,1,0,0,01/12/2023
e8230516-9e2c-4ca1-b16e-0d5311b74ac4,Physiological Psychology Week 1 Part 2,01/07/2022,00:13:55,James Bartlett,Physiological Psychology (PSYCH4065/5029) 2022-23,"Khalid, Emmanuella",270096@university.ac.uk,2,00:13:50,00:06:55,2,0,0,01/24/2023
e8230516-9e2c-4ca1-b16e-0d5311b74ac4,Physiological Psychology Week 1 Part 2,01/07/2022,00:13:55,James Bartlett,Physiological Psychology (PSYCH4065/5029) 2022-23,"Mya, Coral",225229@university.ac.uk,2,00:12:15,00:06:07,2,0,0,01/30/2023
e8230516-9e2c-4ca1-b16e-0d5311b74ac4,Physiological Psychology Week 1 Part 2,01/07/2022,00:13:55,James Bartlett,Physiological Psychology (PSYCH4065/5029) 2022-23,"Cayan, Garrick",285278@university.ac.uk,1,00:13:55,00:13:55,1,0,0,01/09/2023
e8230516-9e2c-4ca1-b16e-0d5311b74ac4,Physiological Psychology Week 1 Part 2,01/07/2022,00:13:55,James Bartlett,Physiological Psychology (PSYCH4065/5029) 2022-23,"Lacey-Rose, Levi",291716@university.ac.uk,1,00:13:10,00:13:10,1,0,0,01/12/2023
e8230516-9e2c-4ca1-b16e-0d5311b74ac4,Physiological Psychology Week 1 Part 2,01/07/2022,00:13:55,James Bartlett,Physiological Psychology (PSYCH4065/5029) 2022-23,"Destiny, Antoinette",262346@university.ac.uk,2,00:14:31,00:07:15,2,0,0,01/22/2023
e8230516-9e2c-4ca1-b16e-0d5311b74ac4,Physiological Psychology Week 1 Part 2,01/07/2022,00:13:55,James Bartlett,Physiological Psychology (PSYCH4065/5029) 2022-23,"Amarachukwu, Malcolm",249816@university.ac.uk,1,00:13:54,00:13:54,1,0,0,01/11/2023
e8230516-9e2c-4ca1-b16e-0d5311b74ac4,Physiological Psychology Week 1 Part 2,01/07/2022,00:13:55,James Bartlett,Physiological Psychology (PSYCH4065/5029) 2022-23,"Oluseyi, Jennie",269088@university.ac.uk,2,00:25:44,00:12:52,2,0,0,01/16/2023
e8230516-9e2c-4ca1-b16e-0d5311b74ac4,Physiological Psychology Week 1 Part 2,01/07/2022,00:13:55,James Bartlett,Physiological Psychology (PSYCH4065/5029) 2022-23,"Nikita, Lee-Jane",229865@university.ac.uk,1,00:02:01,00:02:01,1,0,0,01/16/2023
e8230516-9e2c-4ca1-b16e-0d5311b74ac4,Physiological Psychology Week 1 Part 2,01/07/2022,00:13:55,James Bartlett,Physiological Psychology (PSYCH4065/5029) 2022-23,"Etienne, Koa",277966@university.ac.uk,2,00:13:56,00:06:58,2,0,0,01/13/2023
e8230516-9e2c-4ca1-b16e-0d5311b74ac4,Physiological Psychology Week 1 Part 2,01/07/2022,00:13:55,James Bartlett,Physiological Psychology (PSYCH4065/5029) 2022-23,"Kaylem, Jac-Dean",204289@university.ac.uk,1,00:13:55,00:13:55,1,0,0,01/15/2023
e8230516-9e2c-4ca1-b16e-0d5311b74ac4,Physiological Psychology Week 1 Part 2,01/07/2022,00:13:55,James Bartlett,Physiological Psychology (PSYCH4065/5029) 2022-23,"Riley-Thomas, Shevaun",290839@university.ac.uk,3,00:27:33,00:09:11,3,0,0,02/02/2023
e8230516-9e2c-4ca1-b16e-0d5311b74ac4,Physiological Psychology Week 1 Part 2,01/07/2022,00:13:55,James Bartlett,Physiological Psychology (PSYCH4065/5029) 2022-23,"Aditya, Orson",285926@university.ac.uk,1,00:13:49,00:13:49,1,0,0,01/14/2023
e8230516-9e2c-4ca1-b16e-0d5311b74ac4,Physiological Psychology Week 1 Part 2,01/07/2022,00:13:55,James Bartlett,Physiological Psychology (PSYCH4065/5029) 2022-23,"Yechiel, Etta",289402@university.ac.uk,1,00:12:32,00:12:32,1,0,0,01/15/2023
e8230516-9e2c-4ca1-b16e-0d5311b74ac4,Physiological Psychology Week 1 Part 2,01/07/2022,00:13:55,James Bartlett,Physiological Psychology (PSYCH4065/5029) 2022-23,"Riyaz, Lawson",256300@university.ac.uk,1,00:12:30,00:12:30,1,0,0,01/10/2023
e8230516-9e2c-4ca1-b16e-0d5311b74ac4,Physiological Psychology Week 1 Part 2,01/07/2022,00:13:55,James Bartlett,Physiological Psychology (PSYCH4065/5029) 2022-23,"Kielan, Logan-James",263984@university.ac.uk,2,00:12:45,00:06:22,2,0,0,01/15/2023
e8230516-9e2c-4ca1-b16e-0d5311b74ac4,Physiological Psychology Week 1 Part 2,01/07/2022,00:13:55,James Bartlett,Physiological Psychology (PSYCH4065/5029) 2022-23,"Alasdair, Agathe",264637@university.ac.uk,3,00:12:52,00:04:17,3,0,0,01/27/2023
e8230516-9e2c-4ca1-b16e-0d5311b74ac4,Physiological Psychology Week 1 Part 2,01/07/2022,00:13:55,James Bartlett,Physiological Psychology (PSYCH4065/5029) 2022-23,"Haya, Nawal",237311@university.ac.uk,2,00:13:54,00:06:57,2,0,0,01/24/2023
e8230516-9e2c-4ca1-b16e-0d5311b74ac4,Physiological Psychology Week 1 Part 2,01/07/2022,00:13:55,James Bartlett,Physiological Psychology (PSYCH4065/5029) 2022-23,"Jett, Aryn",208863@university.ac.uk,2,00:14:00,00:07:00,2,0,0,01/21/2023
e8230516-9e2c-4ca1-b16e-0d5311b74ac4,Physiological Psychology Week 1 Part 2,01/07/2022,00:13:55,James Bartlett,Physiological Psychology (PSYCH4065/5029) 2022-23,"Narayan, Roseanne",227878@university.ac.uk,2,00:13:15,00:06:37,2,0,0,01/15/2023
e8230516-9e2c-4ca1-b16e-0d5311b74ac4,Physiological Psychology Week 1 Part 2,01/07/2022,00:13:55,James Bartlett,Physiological Psychology (PSYCH4065/5029) 2022-23,"Connah, Sandro",263177@university.ac.uk,2,00:13:55,00:06:57,2,0,0,01/17/2023
e8230516-9e2c-4ca1-b16e-0d5311b74ac4,Physiological Psychology Week 1 Part 2,01/07/2022,00:13:55,James Bartlett,Physiological Psychology (PSYCH4065/5029) 2022-23,"Arona, Ginny",246679@university.ac.uk,2,00:07:50,00:03:55,2,0,0,01/19/2023
e8230516-9e2c-4ca1-b16e-0d5311b74ac4,Physiological Psychology Week 1 Part 2,01/07/2022,00:13:55,James Bartlett,Physiological Psychology (PSYCH4065/5029) 2022-23,"Amirul, Erika",206937@university.ac.uk,1,00:13:54,00:13:54,1,0,0,01/15/2023
e8230516-9e2c-4ca1-b16e-0d5311b74ac4,Physiological Psychology Week 1 Part 2,01/07/2022,00:13:55,James Bartlett,Physiological Psychology (PSYCH4065/5029) 2022-23,"Sevyn, Kinvara",245910@university.ac.uk,1,00:13:43,00:13:43,1,0,0,01/22/2023
e8230516-9e2c-4ca1-b16e-0d5311b74ac4,Physiological Psychology Week 1 Part 2,01/07/2022,00:13:55,James Bartlett,Physiological Psychology (PSYCH4065/5029) 2022-23,"Tayyub, Matilde",224268@university.ac.uk,1,00:13:53,00:13:53,1,0,0,01/16/2023
e8230516-9e2c-4ca1-b16e-0d5311b74ac4,Physiological Psychology Week 1 Part 2,01/07/2022,00:13:55,James Bartlett,Physiological Psychology (PSYCH4065/5029) 2022-23,"Hashim, Aslam",243241@university.ac.uk,1,00:10:31,00:10:31,1,0,0,01/17/2023
e8230516-9e2c-4ca1-b16e-0d5311b74ac4,Physiological Psychology Week 1 Part 2,01/07/2022,00:13:55,James Bartlett,Physiological Psychology (PSYCH4065/5029) 2022-23,"Mizgin, Amra",256431@university.ac.uk,1,00:13:54,00:13:54,1,0,0,01/15/2023
e8230516-9e2c-4ca1-b16e-0d5311b74ac4,Physiological Psychology Week 1 Part 2,01/07/2022,00:13:55,James Bartlett,Physiological Psychology (PSYCH4065/5029) 2022-23,"Kiefer, Martin",231636@university.ac.uk,1,00:13:35,00:13:35,1,0,0,01/13/2023
e8230516-9e2c-4ca1-b16e-0d5311b74ac4,Physiological Psychology Week 1 Part 2,01/07/2022,00:13:55,James Bartlett,Physiological Psychology (PSYCH4065/5029) 2022-23,"Arlo, Subhanallah",221357@university.ac.uk,1,00:13:52,00:13:52,1,0,0,01/16/2023
